Note,Onset (ms),Score_duration,Time-Signature,Movement,Measure,Repeated
D4,14871.295812074823,1.5,4/4,1,1,0
D5,16237.63552433804,0.25,4/4,1,1,0
E5,16244.764756944436,0.25,4/4,1,1,0
E5,16290.979875393132,1.5,4/4,1,1,0
D5,16341.13619614512,0.25,4/4,1,1,0
E5,17078.03927508503,0.25,4/4,1,1,0
D4,17582.74280753967,1.5,4/4,1,2,0
F‚ôØ5,19171.326814058953,0.25,4/4,1,2,0
G5,19490.270709325392,0.25,4/4,1,2,0
G5,20052.011660774948,1.5,4/4,1,2,0
F‚ôØ5,20701.19997165532,0.25,4/4,1,2,0
G5,20764.724365787974,0.25,4/4,1,2,0
D4,21014.008397108835,1.0,4/4,1,3,0
A5,21778.944975907023,0.75,4/4,1,3,0
F‚ôØ4,22387.477341978454,0.25,4/4,1,3,0
G5,22520.661600056694,0.75,4/4,1,3,0
E4,23082.754056831058,0.25,4/4,1,3,0
F‚ôØ5,23239.15826955782,0.75,4/4,1,3,0
D4,23824.470680980718,0.25,4/4,1,3,0
E5,24027.314803004534,1.0,4/4,1,4,0
A4,24815.471336451243,1.0,4/4,1,4,0
0,25742.947597789116,0.125,4/4,1,4,0
A4,25797.929749503975,0.125,4/4,1,4,0
B4,25922.57176516442,0.125,4/4,1,4,0
C‚ôØ5,26020.433934771827,0.125,4/4,1,4,0
D5,26109.57809616093,0.125,4/4,1,4,0
E5,26203.6179935516,0.125,4/4,1,4,0
F‚ôØ5,26258.60014526645,0.125,4/4,1,4,0
G5,26336.80225162983,0.125,4/4,1,4,0
A5,26415.004357993206,0.75,4/4,1,4,0
G5,27023.53672406463,0.25,4/4,1,4,0
F‚ôØ5,27156.72098214285,0.75,4/4,1,5,0
C‚ôØ5,27788.473302862825,0.25,4/4,1,5,0
D5,27968.097470238103,1.0,4/4,1,5,0
0,28361.514774659856,0.125,4/4,1,5,0
B4,28811.23615539966,0.125,4/4,1,5,0
C‚ôØ5,28866.218307114523,0.125,4/4,1,5,0
D5,28990.860322774963,0.125,4/4,1,5,0
E5,29069.062429138336,0.125,4/4,1,5,0
F‚ôØ5,29124.04458085318,0.125,4/4,1,5,0
G5,29176.907304067463,0.125,4/4,1,5,0
A5,29220.995810303284,0.125,4/4,1,5,0
B5,29312.210990646265,0.75,4/4,1,5,0
A5,29897.523402069164,0.25,4/4,1,5,0
G‚ôØ5,30053.927614795935,0.75,4/4,1,6,0
D‚ôØ5,30662.45998086736,0.25,4/4,1,6,0
E5,30772.42428429706,1.0,4/4,1,6,0
0,31514.140908446723,0.75,4/4,1,6,0
B4,32215.553093112256,0.25,4/4,1,6,0
C‚ôØ5,32371.957305839012,0.75,4/4,1,6,0
G‚ôØ4,32957.26971726191,0.25,4/4,1,6,0
A4,33136.893884637204,0.75,4/4,1,7,0
A4,33723.50650831961,0.0833333333333333,4/4,1,7,0
B4,33766.60104875285,0.0833333333333333,4/4,1,7,0
C‚ôØ5,33810.99580144559,0.0833333333333333,4/4,1,7,0
F‚ôØ4,33948.27037273243,0.75,4/4,1,7,0
F‚ôØ4,34512.91564383428,0.0833333333333333,4/4,1,7,0
G4,34531.537627551035,0.0833333333333333,4/4,1,7,0
A4,34584.733811059145,0.0833333333333333,4/4,1,7,0
D4,34689.98699688209,0.75,4/4,1,7,0
C‚ôØ5,35948.67809311226,0.25,4/4,1,7,0
D5,35988.98253259638,0.75,4/4,1,7,0
A‚ôØ4,36109.89585104875,0.25,4/4,1,7,0
B4,36219.86015447846,0.75,4/4,1,8,0
B4,36811.668521733074,0.0833333333333333,4/4,1,8,0
C‚ôØ5,36826.34736394559,0.0833333333333333,4/4,1,8,0
D5,36918.830699969025,0.0833333333333333,4/4,1,8,0
G‚ôØ4,37031.2366425737,0.75,4/4,1,8,0
G‚ôØ4,37485.23837222606,0.0833333333333333,4/4,1,8,0
A4,37544.84403344674,0.0833333333333333,4/4,1,8,0
B4,37612.45874078801,0.0833333333333333,4/4,1,8,0
E4,37703.2934027778,0.75,4/4,1,8,0
D‚ôØ5,38358.26567814627,0.25,4/4,1,8,0
E5,38537.88984552156,0.75,4/4,1,8,0
B4,39146.42221159297,0.25,4/4,1,8,0
C‚ôØ5,39302.82642431973,0.75,4/4,1,9,0
A4,39864.91888109411,0.25,4/4,1,9,0
F‚ôØ5,40090.982957766435,1.0,4/4,1,9,0
G‚ôØ4,40948.79935515876,0.75,4/4,1,9,0
B4,41464.45190263607,0.25,4/4,1,9,0
E5,41690.5159793084,0.75,4/4,1,9,0
E4,41755.64714505593,0.25,4/4,1,9,0
F‚ôØ4,42432.23260345805,0.75,4/4,1,10,0
A4,43040.764969529475,0.25,4/4,1,10,0
D5,43266.8290462018,1.0,4/4,1,10,0
E4,44124.645443594134,0.75,4/4,1,10,0
G‚ôØ4,44709.95785501702,0.25,4/4,1,10,0
C‚ôØ5,44889.58202239229,0.75,4/4,1,10,0
E4,45521.33434311225,0.25,4/4,1,10,0
D4,45724.17846513605,0.75,4/4,1,11,0
C‚ôØ5,46355.93078585599,0.25,4/4,1,11,0
B4,46651.65472647395,0.75,4/4,1,11,0
A4,47167.30727395127,0.25,4/4,1,11,0
D‚ôØ4,47346.93144132656,0.75,4/4,1,11,0
B4,47885.80394345239,0.25,4/4,1,11,0
A4,48135.087974773254,0.75,4/4,1,11,0
F‚ôØ5,48790.06025014172,0.25,4/4,1,11,0
E4,48992.90437216553,0.75,4/4,1,12,0
G‚ôØ4,49624.65669288548,0.25,4/4,1,12,0
B4,49827.50081490931,1.0,4/4,1,12,0
0,51312.25598781182,0.75,4/4,1,12,0
D5,51409.949351615665,0.25,4/4,1,12,0
C‚ôØ5,51566.35356434242,0.75,4/4,1,12,0
B4,52151.66597576531,0.25,4/4,1,12,0
A5,52400.95000708616,0.75,4/4,1,13,0
G‚ôØ5,52986.26241850909,0.125,4/4,1,13,0
F‚ôØ5,53134.12438881804,0.125,4/4,1,13,0
E5,53212.3264951814,0.75,4/4,1,13,0
D5,53820.85886125286,0.25,4/4,1,13,0
B4,54070.14289257373,1.5,4/4,1,13,0
A4,55449.74730725624,0.5,4/4,1,13,0
A4,58108.36609358504,1.5,4/4,1,14,0
A4,58120.23011734537,0.5,4/4,1,14,0
A4,58124.18479193215,0.75,4/4,1,14,0
G4,58179.60071215989,0.25,4/4,1,14,0
F‚ôØ4,58359.22487953516,0.75,4/4,1,14,0
E4,58898.097381661,0.25,4/4,1,14,0
D4,59170.60136763038,1.5,4/4,1,1,1
D5,60541.30160300865,0.25,4/4,1,1,1
E5,60544.94512299597,0.25,4/4,1,1,1
E5,60579.31433034601,1.5,4/4,1,1,1
D5,60663.661706349274,0.25,4/4,1,1,1
E5,60843.2858737245,0.25,4/4,1,1,1
D4,61858.82840844677,1.5,4/4,1,2,1
F‚ôØ5,63284.87273242634,0.25,4/4,1,2,1
G5,63487.71685445009,0.25,4/4,1,2,1
G5,64262.45629213653,1.5,4/4,1,2,1
F‚ôØ5,64745.08602607709,0.25,4/4,1,2,1
G5,64785.390465561235,0.25,4/4,1,2,1
D4,65034.674496882086,1.0,4/4,1,3,1
A5,65660.29134778911,0.75,4/4,1,3,1
F‚ôØ4,66303.62327447961,0.25,4/4,1,3,1
G5,66355.56806264169,0.75,4/4,1,3,1
E4,66894.4405647676,0.25,4/4,1,3,1
F‚ôØ5,67004.40486819725,0.75,4/4,1,3,1
D4,67218.19800524377,0.25,4/4,1,3,1
E5,67630.02171910438,1.0,4/4,1,4,1
A4,68371.73834325401,1.0,4/4,1,4,1
0,69298.80081495184,0.125,4/4,1,4,1
A4,69310.44956643945,0.125,4/4,1,4,1
B4,69339.51904407593,0.125,4/4,1,4,1
C‚ôØ5,69417.7211504394,0.125,4/4,1,4,1
D5,69472.70330215423,0.125,4/4,1,4,1
E5,69542.51056485913,0.125,4/4,1,4,1
F‚ôØ5,69582.66760558389,0.125,4/4,1,4,1
G5,69684.08966659586,0.125,4/4,1,4,1
A5,69716.80745649709,0.75,4/4,1,4,1
G5,70324.38422973362,0.25,4/4,1,4,1
F‚ôØ5,70480.78844246033,0.75,4/4,1,5,1
C‚ôØ5,71089.32080853179,0.25,4/4,1,5,1
D5,71268.94497590701,1.0,4/4,1,5,1
0,71458.30705214897,0.125,4/4,1,5,1
B4,72112.08366106865,0.125,4/4,1,5,1
C‚ôØ5,72207.43478068312,0.125,4/4,1,5,1
D5,72291.70782844388,0.125,4/4,1,5,1
E5,72416.34984410428,0.125,4/4,1,5,1
F‚ôØ5,72456.10480310253,0.125,4/4,1,5,1
G5,72480.00042713845,0.125,4/4,1,5,1
A5,72511.63643530328,0.125,4/4,1,5,1
B5,72589.83854166663,0.75,4/4,1,5,1
A5,73105.491089144,0.25,4/4,1,5,1
G‚ôØ5,73261.89530187081,0.75,4/4,1,6,1
D‚ôØ5,73754.32789469954,0.25,4/4,1,6,1
E5,74375.13120039686,1.0,4/4,1,6,1
0,74523.26815902906,0.75,4/4,1,6,1
B4,75377.08087088999,0.25,4/4,1,6,1
C‚ôØ5,75533.48508361679,0.75,4/4,1,6,1
G‚ôØ4,76118.79749503972,0.25,4/4,1,6,1
A4,76298.42166241498,0.75,4/4,1,7,1
A4,76796.61339348895,0.0833333333333333,4/4,1,7,1
B4,76858.46896258502,0.0833333333333333,4/4,1,7,1
C‚ôØ5,76949.30362457488,0.0833333333333333,4/4,1,7,1
F‚ôØ4,77040.13828656463,0.75,4/4,1,7,1
F‚ôØ4,77585.9976643618,0.0833333333333333,4/4,1,7,1
G4,77623.4055413832,0.0833333333333333,4/4,1,7,1
A4,77667.800294076,0.0833333333333333,4/4,1,7,1
D4,77781.85491071426,0.75,4/4,1,7,1
C‚ôØ5,78436.82718608278,0.25,4/4,1,7,1
D5,78570.01144416099,0.75,4/4,1,7,1
A‚ôØ4,79248.20367417802,0.25,4/4,1,7,1
B4,79334.94802295924,0.75,4/4,1,8,1
B4,79835.89281310383,0.0833333333333333,4/4,1,8,1
C‚ôØ5,79871.77536848078,0.0833333333333333,4/4,1,8,1
D5,79962.61003047052,0.0833333333333333,4/4,1,8,1
G‚ôØ4,80099.88460175743,0.75,4/4,1,8,1
G‚ôØ4,80442.39543229288,0.0833333333333333,4/4,1,8,1
A4,80567.05208333336,0.0833333333333333,4/4,1,8,1
B4,80657.8867453231,0.0833333333333333,4/4,1,8,1
E4,80771.94136196148,0.75,4/4,1,8,1
D‚ôØ5,81426.9136373299,0.25,4/4,1,8,1
E5,81606.53780470524,0.75,4/4,1,8,1
B4,82215.07017077671,0.25,4/4,1,8,1
C‚ôØ5,82371.4743835034,0.75,4/4,1,9,1
A4,82956.78679492636,0.25,4/4,1,9,1
F‚ôØ5,83136.41096230158,1.0,4/4,1,9,1
G‚ôØ4,84063.88722363942,0.75,4/4,1,9,1
B4,84579.53977111679,0.25,4/4,1,9,1
E5,84805.60384778907,0.75,4/4,1,9,1
E4,85428.29681247087,0.25,4/4,1,9,1
F‚ôØ4,85454.4406533447,0.75,4/4,1,10,1
A4,86109.41292871314,0.25,4/4,1,10,1
D5,86289.03709608848,1.0,4/4,1,10,1
E4,87100.4135841837,0.75,4/4,1,10,1
G‚ôØ4,87662.506040958,0.25,4/4,1,10,1
C‚ôØ5,87842.13020833334,0.75,4/4,1,10,1
E4,88450.6625744048,0.25,4/4,1,10,1
D4,88653.50669642857,0.75,4/4,1,11,1
C‚ôØ5,89308.4789717971,0.25,4/4,1,11,1
B4,89557.76300311791,0.75,4/4,1,11,1
A4,90119.85545989234,0.25,4/4,1,11,1
D‚ôØ4,90299.47962726756,0.75,4/4,1,11,1
B4,90861.57208404198,0.25,4/4,1,11,1
A4,91087.63616071429,0.75,4/4,1,11,1
F‚ôØ5,91672.94857213717,0.25,4/4,1,11,1
E4,91899.01264880957,0.75,4/4,1,12,1
G‚ôØ4,92484.32506023241,0.25,4/4,1,12,1
B4,92710.38913690482,1.0,4/4,1,12,1
0,93870.06494472794,0.75,4/4,1,12,1
D5,94153.51794571994,0.25,4/4,1,12,1
C‚ôØ5,94843.98111536284,0.75,4/4,1,12,1
B4,95034.55429776075,0.25,4/4,1,12,1
A5,95283.83832908164,0.75,4/4,1,13,1
G‚ôØ5,95845.93078585605,0.125,4/4,1,13,1
F‚ôØ5,95970.57280151645,0.125,4/4,1,13,1
E5,96048.77490787982,0.75,4/4,1,13,1
D5,96587.6474100057,0.25,4/4,1,13,1
B4,96999.47112386617,1.5,4/4,1,13,1
A4,98379.07553854876,0.5,4/4,1,13,1
A4,98470.27735830302,1.0,3/8,2,15,0
A5,98484.85143825226,0.5,3/8,2,15,0
B5,100373.3477891157,0.5,3/8,2,16,0
B5,100611.09429408738,0.5,3/8,2,16,0
F‚ôØ5,100929.30477607713,0.5,3/8,2,16,0
G5,101195.67329223358,0.5,3/8,2,17,0
G5,101450.80974626652,0.25,3/8,2,17,0
A5,101595.2260664683,0.25,3/8,2,17,0
B5,101705.19036989796,0.5,3/8,2,17,0
E5,102017.99879535145,0.5,3/8,2,18,0
A5,102284.36731150791,0.5,3/8,2,18,0
G5,102573.9557823129,0.5,3/8,2,18,0
F‚ôØ5,102857.62411422901,0.25,3/8,2,19,0
G5,102996.72851119618,0.25,3/8,2,19,0
F‚ôØ5,103129.91276927434,0.25,3/8,2,19,0
E5,103263.09702735263,0.25,3/8,2,19,0
D5,103391.02210884352,0.25,3/8,2,19,0
E5,103529.4655435091,0.25,3/8,2,19,0
F‚ôØ5,103639.42984693882,0.25,3/8,2,20,0
A5,103795.83405966553,0.25,3/8,2,20,0
F‚ôØ5,103905.7983630953,0.25,3/8,2,20,0
D5,104062.202575822,0.25,3/8,2,20,0
C‚ôØ5,104175.20684523809,0.25,3/8,2,20,0
E5,104328.57109197846,0.25,3/8,2,20,0
D5,104438.53539540821,0.25,3/8,2,21,0
D4,104878.48101693622,0.25,3/8,2,21,0
D5,104886.79499497674,0.25,3/8,2,21,0
E5,104907.74803358842,0.25,3/8,2,21,0
F‚ôØ5,104994.49238236954,0.25,3/8,2,21,0
D5,105127.6766404477,0.25,3/8,2,21,0
B4,105330.52076247145,0.25,3/8,2,22,0
F‚ôØ5,105510.1449298469,0.25,3/8,2,22,0
E5,105643.32918792508,0.25,3/8,2,22,0
B5,105776.51344600324,0.25,3/8,2,22,0
D5,105932.91765873009,0.25,3/8,2,22,0
B5,106019.6620075113,0.25,3/8,2,22,0
C‚ôØ5,106245.72608418358,0.25,3/8,2,23,0
D5,106402.13029691025,0.25,3/8,2,23,0
C‚ôØ5,106488.87464569161,0.25,3/8,2,23,0
B4,106622.05890376978,0.25,3/8,2,23,0
A4,106778.4631164965,0.25,3/8,2,23,0
F‚ôØ5,106958.08728387169,0.25,3/8,2,23,0
B4,107114.49149659861,0.25,3/8,2,24,0
G5,107270.89570932534,0.25,3/8,2,24,0
B4,107380.86001275496,0.25,3/8,2,24,0
G5,107537.26422548166,0.25,3/8,2,24,0
F‚ôØ4,107647.22852891154,0.25,3/8,2,24,0
A5,107850.0726509353,0.25,3/8,2,24,0
G4,107960.09335707598,0.25,3/8,2,25,0
B5,108093.2212124431,0.25,3/8,2,25,0
G4,108249.62542517003,0.25,3/8,2,25,0
A4,108452.46954719377,0.25,3/8,2,25,0
B4,108540.57754235953,0.25,3/8,2,25,0
F‚ôØ5,108718.83806335034,0.25,3/8,2,25,0
E4,108852.02232142854,0.25,3/8,2,26,0
G5,109031.64648880373,0.25,3/8,2,26,0
A4,109188.05070153043,0.25,3/8,2,26,0
F‚ôØ5,109344.45491425735,0.25,3/8,2,26,0
G4,109454.419217687,0.25,3/8,2,26,0
E5,109610.8234304137,0.25,3/8,2,26,0
F‚ôØ4,109790.44759778894,0.25,3/8,2,27,0
G4,109970.07176516438,0.25,3/8,2,27,0
F‚ôØ4,110056.81611394549,0.25,3/8,2,27,0
E4,110213.22032667218,0.25,3/8,2,27,0
D4,110346.40458475036,0.25,3/8,2,27,0
F‚ôØ5,110502.80879747728,0.25,3/8,2,27,0
G4,110728.87287414956,0.25,3/8,2,28,0
F‚ôØ5,110908.49704152478,0.25,3/8,2,28,0
E5,111048.27220869408,0.25,3/8,2,28,0
D5,111174.86555768138,0.25,3/8,2,28,0
C‚ôØ5,111308.04981575954,0.25,3/8,2,28,0
B4,111418.01411918916,0.25,3/8,2,28,0
A‚ôØ4,111597.63828656462,1.0,3/8,2,29,0
D5,112176.81522817457,0.25,3/8,2,29,0
E5,112542.19903273802,0.25,3/8,2,29,0
F‚ôØ5,112698.60324546469,0.25,3/8,2,30,0
D5,112901.44736748845,0.25,3/8,2,30,0
F‚ôØ5,113011.41167091831,0.25,3/8,2,30,0
D5,113167.81588364503,0.25,3/8,2,30,0
G5,113301.0001417232,0.25,3/8,2,30,0
E5,113434.18439980154,0.25,3/8,2,30,0
F‚ôØ5,113544.14870323124,0.25,3/8,2,31,0
D5,113723.77287060645,0.25,3/8,2,31,0
F‚ôØ5,113834.73122802492,0.25,3/8,2,31,0
D5,113990.14138676303,0.25,3/8,2,31,0
G5,114118.35381235825,0.25,3/8,2,31,0
E5,114233.28994827086,0.25,3/8,2,31,0
F‚ôØ5,114343.25425170049,0.25,3/8,2,32,0
D5,114484.80508670087,0.25,3/8,2,32,0
F‚ôØ5,114609.62276785707,0.25,3/8,2,32,0
D5,114766.02698058376,0.25,3/8,2,32,0
E5,114875.99128401342,0.25,3/8,2,32,0
C‚ôØ5,114985.95558744326,0.25,3/8,2,32,0
D5,115142.35980016997,0.5,3/8,2,33,0
B4,115478.38818027207,0.5,3/8,2,33,0
D5,115582.21701388877,0.25,3/8,2,33,0
E5,115970.82077310074,0.25,3/8,2,33,0
F‚ôØ5,116156.91999868944,0.25,3/8,2,34,0
D5,116190.74937996025,0.25,3/8,2,34,0
F‚ôØ5,116393.59350198401,0.25,3/8,2,34,0
D5,116526.77776006218,0.25,3/8,2,34,0
G5,116683.1819727891,0.25,3/8,2,34,0
E5,116793.14627621873,0.25,3/8,2,34,0
F‚ôØ5,116926.33053429694,0.25,3/8,2,35,0
D5,117059.51479237508,0.25,3/8,2,35,0
F‚ôØ5,117192.69905045348,0.25,3/8,2,35,0
D5,117325.88330853166,0.25,3/8,2,35,0
G5,117459.06756660981,0.25,3/8,2,35,0
E5,117592.25182468799,0.25,3/8,2,35,0
F‚ôØ5,117725.43608276639,0.25,3/8,2,36,0
D5,117858.62034084456,0.25,3/8,2,36,0
F‚ôØ5,117991.80459892274,0.25,3/8,2,36,0
D5,118124.98885700108,0.25,3/8,2,36,0
E5,118234.95316043077,0.25,3/8,2,36,0
C‚ôØ5,118344.91746386043,0.25,3/8,2,36,0
D5,118501.32167658712,0.5,3/8,2,37,0
B4,118814.13010204074,0.5,3/8,2,37,0
F‚ôØ5,119196.59839143974,0.5,3/8,2,37,0
E4,119625.50659013598,0.5,3/8,2,38,0
G5,119845.43519699525,0.25,3/8,2,38,0
F‚ôØ5,119978.61945507365,0.25,3/8,2,38,0
G5,120088.5837585033,0.25,3/8,2,38,0
E4,120197.08333417692,0.25,3/8,2,38,0
F‚ôØ4,120354.95227465982,0.5,3/8,2,39,0
A‚ôØ5,120690.98065476182,0.5,3/8,2,39,0
F‚ôØ4,120957.34917091836,0.5,3/8,2,39,0
G4,121270.15759637178,0.5,3/8,2,40,0
B5,121606.18597647389,0.25,3/8,2,40,0
A‚ôØ5,121716.15027990355,0.25,3/8,2,40,0
B5,121849.33453798172,0.5,3/8,2,40,0
G‚ôØ4,122162.14296343534,0.5,3/8,2,41,0
B5,122405.29152494315,0.25,3/8,2,41,0
C‚ôØ6,122631.35560161562,0.25,3/8,2,41,0
D6,122734.65252976188,0.25,3/8,2,41,0
B5,122851.28420847494,0.25,3/8,2,41,0
A4,123054.1283304987,0.5,3/8,2,42,0
C‚ôØ6,123343.71680130377,0.25,3/8,2,42,0
B5,123453.68110473346,0.25,3/8,2,42,0
C‚ôØ6,123563.64540816308,0.5,3/8,2,42,0
A‚ôØ4,123946.11369756228,0.5,3/8,2,43,0
C‚ôØ6,124028.29398070704,0.25,3/8,2,43,0
D6,124322.44651714849,0.25,3/8,2,43,0
B5,124478.85072987522,0.25,3/8,2,43,0
C‚ôØ6,124565.59507865632,0.25,3/8,2,43,0
B4,124745.21924603154,0.5,3/8,2,44,0
D6,125058.02767148518,0.25,3/8,2,44,0
C‚ôØ6,125167.9919749148,0.25,3/8,2,44,0
D6,125277.95627834463,0.5,3/8,2,44,0
E5,125637.20461309512,0.5,3/8,2,45,0
C‚ôØ6,125926.79308390022,0.25,3/8,2,45,0
A‚ôØ5,126083.19729662694,0.25,3/8,2,45,0
B5,126239.6015093536,0.25,3/8,2,45,0
D5,126372.78576743178,0.25,3/8,2,45,0
E5,126482.75007086166,0.25,3/8,2,46,0
G5,126587.60600021253,0.25,3/8,2,46,0
F‚ôØ5,126702.67867772093,0.5,3/8,2,46,0
A‚ôØ5,126992.26714852604,0.5,3/8,2,46,0
B4,127328.29552862798,1.0,3/8,2,47,0
D5,128116.45206207466,0.5,3/8,2,47,0
F‚ôØ4,128429.2604875283,0.25,3/8,2,48,0
A4,128632.10460955201,0.25,3/8,2,48,0
D5,128742.06891298167,0.25,3/8,2,48,0
A5,128875.25317106006,0.25,3/8,2,48,0
D5,129054.8773384353,0.5,3/8,2,48,0
G4,129321.24585459162,0.25,3/8,2,49,0
B4,129454.43011267003,0.25,3/8,2,49,0
D5,129564.39441609969,0.25,3/8,2,49,0
B5,129589.37630779798,0.25,3/8,2,49,0
D5,129600.95329872539,0.5,3/8,2,49,0
A4,129679.17226473914,0.25,3/8,2,50,0
C5,130299.97557043633,0.25,3/8,2,50,0
G4,130433.15982851473,0.25,3/8,2,50,0
B4,130566.3440865929,0.25,3/8,2,50,0
F‚ôØ4,130722.74829931962,0.25,3/8,2,50,0
A4,130832.71260274926,0.25,3/8,2,50,0
G4,130989.11681547617,0.25,3/8,2,51,0
B4,131168.7409828514,0.25,3/8,2,51,0
A4,131301.9252409296,0.25,3/8,2,51,0
G4,131411.8895443592,0.25,3/8,2,51,0
B4,131568.29375708612,0.5,3/8,2,51,0
D‚ôØ4,131927.54209183657,0.25,3/8,2,52,0
F‚ôØ4,132130.38621386033,0.25,3/8,2,52,0
B4,132271.29769635128,0.25,3/8,2,52,0
F‚ôØ5,132396.7547300169,0.25,3/8,2,52,0
B4,132529.9389880951,0.5,3/8,2,52,0
E4,132842.74741354867,0.25,3/8,2,53,0
G4,132975.93167162687,0.25,3/8,2,53,0
B4,133109.11592970503,0.25,3/8,2,53,0
G5,133242.30018778343,0.25,3/8,2,53,0
B4,133398.70440051012,0.5,3/8,2,53,0
F‚ôØ4,133711.5128259635,0.25,3/8,2,54,0
A4,133844.69708404192,0.25,3/8,2,54,0
E4,134001.1012967686,0.25,3/8,2,54,0
G4,134087.84564554974,0.25,3/8,2,54,0
D‚ôØ4,134244.24985827642,0.25,3/8,2,54,0
F‚ôØ4,134377.43411635482,0.25,3/8,2,54,0
E4,134510.61837443302,0.25,3/8,2,55,0
G4,134620.58267786267,0.25,3/8,2,55,0
F‚ôØ4,134779.11685009254,0.25,3/8,2,55,0
E4,134910.17114866775,0.25,3/8,2,55,0
E5,135502.95641101172,0.5,3/8,2,55,0
F‚ôØ5,135541.92346938775,0.5,3/8,2,56,0
F‚ôØ5,135612.20713054956,0.5,3/8,2,56,0
C‚ôØ5,136121.1004109977,0.5,3/8,2,56,0
D5,136410.68888180258,0.5,3/8,2,57,0
D5,136632.60552951798,0.25,3/8,2,57,0
E5,136856.68156533438,0.25,3/8,2,57,0
F‚ôØ5,136920.20595946696,0.5,3/8,2,57,0
B4,137256.2343395691,0.5,3/8,2,58,0
E5,137545.822810374,0.5,3/8,2,58,0
D5,137765.7514172335,0.5,3/8,2,58,0
C‚ôØ5,138078.5598426869,0.5,3/8,2,59,0
A4,138739.6675878684,0.5,3/8,2,59,0
A5,138881.27966685596,0.25,3/8,2,59,0
F‚ôØ4,138930.2407702664,0.25,3/8,2,59,0
B5,139109.86493764163,0.25,3/8,2,60,0
G4,139243.0491957198,0.25,3/8,2,60,0
B5,139329.79354450115,0.25,3/8,2,60,0
G4,139532.63766652488,0.25,3/8,2,60,0
F‚ôØ5,139642.60196995456,0.25,3/8,2,60,0
A4,139775.78622803272,0.25,3/8,2,60,0
G5,139932.19044075964,0.25,3/8,2,61,0
B4,140065.3746988378,0.25,3/8,2,61,0
G5,140268.21882086154,0.25,3/8,2,61,0
A5,140401.40307893974,0.25,3/8,2,61,0
B5,140488.14742772107,0.25,3/8,2,61,0
G4,140598.1117311507,0.25,3/8,2,61,0
E5,140824.175807823,0.25,3/8,2,62,0
C‚ôØ5,140934.14011125264,0.25,3/8,2,62,0
A5,141071.6990432063,0.25,3/8,2,62,0
A4,141314.90142077662,0.25,3/8,2,62,0
G5,141333.69288548737,0.25,3/8,2,62,0
C‚ôØ5,141466.87714356557,0.25,3/8,2,62,0
F‚ôØ5,141669.72126558953,0.25,3/8,2,63,0
E5,141849.34543296474,0.25,3/8,2,63,0
D5,141959.30973639438,0.5,3/8,2,63,0
A5,142225.67825255095,0.5,3/8,2,63,0
B4,142561.70663265287,0.25,3/8,2,64,0
A5,142718.1108453798,0.25,3/8,2,64,0
G5,142828.07514880944,0.25,3/8,2,64,0
F‚ôØ5,142938.03945223909,0.25,3/8,2,64,0
E5,143094.4436649658,0.25,3/8,2,64,0
D5,143217.80653876133,0.25,3/8,2,64,0
A4,143384.0321357709,0.25,3/8,2,65,0
E5,143563.65630314613,0.25,3/8,2,65,0
D5,143673.62060657577,0.25,3/8,2,65,0
C‚ôØ5,143806.80486465414,0.25,3/8,2,65,0
F‚ôØ4,143963.20907738086,0.25,3/8,2,65,0
D5,144119.61329010755,0.25,3/8,2,65,0
G4,144276.01750283447,0.25,3/8,2,66,0
B5,144409.20176091263,0.25,3/8,2,66,0
A4,144588.82592828787,0.5,3/8,2,66,0
C‚ôØ5,144901.6343537415,0.5,3/8,2,66,0
D5,145191.22282454636,1.0,3/8,2,67,0
F‚ôØ5,145956.15940334453,0.25,3/8,2,67,0
G5,146135.78357071977,0.25,3/8,2,67,0
A5,146292.18778344666,0.25,3/8,2,68,0
F‚ôØ5,146471.8119508219,0.25,3/8,2,68,0
A5,146581.77625425154,0.25,3/8,2,68,0
F‚ôØ5,146714.96051232994,0.25,3/8,2,68,0
B5,146871.36472505663,0.25,3/8,2,68,0
G5,146981.32902848627,0.25,3/8,2,68,0
A5,147114.51328656444,0.25,3/8,2,69,0
F‚ôØ5,147271.47078442248,0.25,3/8,2,69,0
A5,147380.881802721,0.25,3/8,2,69,0
F‚ôØ5,147537.28601544772,0.25,3/8,2,69,0
B5,147693.6902281744,0.25,3/8,2,69,0
G5,147780.43457695574,0.25,3/8,2,69,0
A5,147913.6188350339,0.25,3/8,2,70,0
F‚ôØ5,148070.02304776065,0.25,3/8,2,70,0
A5,148179.98735119027,0.25,3/8,2,70,0
F‚ôØ5,148313.17160926867,0.25,3/8,2,70,0
G5,148446.35586734684,0.25,3/8,2,70,0
E5,148579.54012542503,0.25,3/8,2,70,0
F‚ôØ5,148712.7243835032,0.5,3/8,2,71,0
D5,149071.97271825385,0.5,3/8,2,71,0
F‚ôØ5,149152.58159722222,0.25,3/8,2,71,0
G5,149564.4053110827,0.25,3/8,2,71,0
A5,149720.8095238094,0.25,3/8,2,72,0
F‚ôØ5,149853.99378188758,0.25,3/8,2,72,0
A5,149988.20016330393,0.25,3/8,2,72,0
F‚ôØ5,150143.58225269266,0.25,3/8,2,72,0
B5,150253.5465561223,0.25,3/8,2,72,0
G5,150409.95076884903,0.25,3/8,2,72,0
A5,150543.1350269274,0.25,3/8,2,73,0
F‚ôØ5,150676.31928500556,0.25,3/8,2,73,0
A5,150809.50354308376,0.25,3/8,2,73,0
F‚ôØ5,150942.68780116193,0.25,3/8,2,73,0
B5,151075.87205924033,0.25,3/8,2,73,0
G5,151209.0563173185,0.25,3/8,2,73,0
A5,151342.24057539666,0.25,3/8,2,74,0
F‚ôØ5,151475.42483347506,0.25,3/8,2,74,0
A5,151585.3891369047,0.25,3/8,2,74,0
F‚ôØ5,151741.7933496314,0.25,3/8,2,74,0
G5,151851.75765306107,0.25,3/8,2,74,0
E5,151984.94191113944,0.25,3/8,2,74,0
F‚ôØ5,152141.34612386613,0.5,3/8,2,75,0
D5,152454.15454931953,0.5,3/8,2,75,0
F‚ôØ4,152720.5230654761,0.5,3/8,2,75,0
G4,153079.7714002266,0.25,3/8,2,76,0
B4,153282.61552225053,0.25,3/8,2,76,0
D5,153415.7997803287,0.25,3/8,2,76,0
B4,153525.76408375835,0.25,3/8,2,76,0
G‚ôØ4,153682.16829648527,0.25,3/8,2,76,0
E5,153815.35255456343,0.25,3/8,2,76,0
A4,153971.75676729012,0.5,3/8,2,77,0
F‚ôØ5,154284.56519274376,0.5,3/8,2,77,0
A‚ôØ4,154597.37361819716,0.5,3/8,2,77,0
B4,154840.52217970518,0.25,3/8,2,78,0
D5,155020.1463470804,0.25,3/8,2,78,0
F‚ôØ5,155130.11065051006,0.25,3/8,2,78,0
D5,155286.51486323675,0.25,3/8,2,78,0
B4,155398.4390732885,0.25,3/8,2,78,0
G5,155529.6634247448,0.25,3/8,2,78,0
C‚ôØ5,155732.50754676855,0.5,3/8,2,79,0
A5,156022.09601757364,0.5,3/8,2,79,0
C‚ôØ5,156288.46453373,0.5,3/8,2,79,0
D5,156624.49291383213,0.25,3/8,2,80,0
F‚ôØ5,156827.33703585586,0.25,3/8,2,80,0
A5,156960.52129393406,0.25,3/8,2,80,0
F‚ôØ5,157070.48559736394,0.25,3/8,2,80,0
D5,157203.6698554421,0.25,3/8,2,80,0
F‚ôØ5,157336.8541135203,0.25,3/8,2,80,0
G4,157493.25832624696,0.5,3/8,2,81,0
E5,157852.50666099763,0.25,3/8,2,81,0
C‚ôØ5,158004.00356965695,0.25,3/8,2,81,0
D5,158118.875177154,0.25,3/8,2,81,0
F‚ôØ4,158275.27938988092,0.25,3/8,2,81,0
G4,158385.24369331056,0.25,3/8,2,82,0
D5,158518.4279513887,0.25,3/8,2,82,0
A4,158744.49202806124,0.5,3/8,2,82,0
C‚ôØ5,159034.0804988661,0.5,3/8,2,82,0
D5,159346.8889243197,0.25,3/8,2,83,0
A4,159526.5130916949,0.25,3/8,2,83,0
F‚ôØ5,159706.13725907015,0.25,3/8,2,83,0
D5,159792.88160785128,0.25,3/8,2,83,0
A5,159949.56916140497,0.25,3/8,2,83,0
F‚ôØ5,160082.47007865636,0.25,3/8,2,83,0
D6,160262.0942460316,0.25,3/8,2,84,0
A5,160395.2785041098,0.25,3/8,2,84,0
F‚ôØ5,160551.6827168367,0.25,3/8,2,84,0
D5,160661.64702026633,0.25,3/8,2,84,0
A5,160818.05123299302,0.25,3/8,2,84,0
F‚ôØ5,160951.23549107145,0.25,3/8,2,84,0
D5,161061.19979450107,0.25,3/8,2,85,0
F‚ôØ5,161217.60400722775,0.25,3/8,2,85,0
A4,161327.5683106574,0.25,3/8,2,85,0
D5,161483.97252338435,0.25,3/8,2,85,0
F‚ôØ4,161686.81664540808,0.25,3/8,2,85,0
A4,161773.5609941892,0.25,3/8,2,85,0
D4,161953.18516156444,1.5,4/4,3,86,0
F‚ôØ5,163820.4086238661,0.25,4/4,3,86,0
G5,163953.5928819443,0.25,4/4,3,86,0
G5,164433.69231707082,1.5,4/4,3,86,0
F‚ôØ5,164467.92350481846,0.1666666666666666,4/4,3,86,0
G5,164510.273100907,0.1666666666666666,4/4,3,86,0
A5,164924.14197137175,0.1666666666666666,4/4,3,86,0
D‚ôØ4,165686.31016156462,1.5,4/4,3,87,0
C6,166996.25471230145,0.5,4/4,3,87,0
B5,167123.30350056684,0.75,4/4,3,87,0
A5,167662.17600269272,0.25,4/4,3,87,0
G5,167888.24007936503,0.75,4/4,3,87,0
F‚ôØ5,168357.45271754533,0.25,4/4,3,87,0
E4,168583.5167942176,1.5,4/4,3,88,0
G5,169870.24139030595,0.25,4/4,3,88,0
A5,169957.3686076861,0.25,4/4,3,88,0
A5,170447.76286251468,1.5,4/4,3,88,0
G5,171098.25513747163,0.1666666666666666,4/4,3,88,0
A5,171187.044642857,0.1666666666666666,4/4,3,88,0
B5,171252.61419359408,0.1666666666666666,4/4,3,88,0
C‚ôØ5,171573.60324546474,1.5,4/4,3,89,0
E5,172674.56820436503,0.5,4/4,3,89,0
A5,172824.83694727876,0.75,4/4,3,89,0
F‚ôØ4,173456.58926799876,0.25,4/4,3,89,0
G5,173589.77352607693,0.75,4/4,3,89,0
E4,174175.08593749988,0.25,4/4,3,89,0
F‚ôØ5,174331.49015022657,0.75,4/4,3,90,0
D5,174916.8025616495,0.25,4/4,3,90,0
B5,175073.2067743762,1.0,4/4,3,90,0
C‚ôØ5,175977.46308106577,0.75,4/4,3,90,0
E5,176493.11562854293,0.25,4/4,3,90,0
A5,176649.51984126985,0.75,4/4,3,90,0
A4,176756.34049374957,0.25,4/4,3,90,0
B4,177391.23646541947,0.75,4/4,3,91,0
D5,177930.10896754515,0.25,4/4,3,91,0
G5,178156.17304421766,1.0,4/4,3,91,0
A4,178944.32957766458,0.75,4/4,3,91,0
C‚ôØ5,179622.52180768162,0.25,4/4,3,91,0
F‚ôØ5,180243.3251133786,0.75,4/4,3,91,0
F‚ôØ4,180423.7473454765,0.25,4/4,3,91,0
G4,180474.20273526094,0.75,4/4,3,92,0
F‚ôØ5,180896.97546414417,0.25,4/4,3,92,0
E5,181262.35926870737,0.75,4/4,3,92,0
D5,181754.79186153624,0.25,4/4,3,92,0
G‚ôØ4,182004.07589285725,0.75,4/4,3,92,0
E5,182519.72844033464,0.25,4/4,3,92,0
D5,182815.4523809527,0.75,4/4,3,92,0
B5,183331.10492842965,0.25,4/4,3,92,0
A4,183580.38895975065,0.75,4/4,3,93,0
C‚ôØ5,184188.92132582213,0.25,4/4,3,93,0
E5,184414.9854024946,1.0,4/4,3,93,0
0,185203.1419359411,0.75,4/4,3,93,0
G5,185904.55412060668,0.25,4/4,3,93,0
F‚ôØ5,186200.2780612248,0.75,4/4,3,93,0
E5,186715.93060870213,0.25,4/4,3,93,0
D6,187011.65454931976,0.75,4/4,3,94,0
C‚ôØ6,187620.18691539124,0.125,4/4,3,94,0
B5,187721.608976403,0.125,4/4,3,94,0
A5,187818.27453585612,0.75,4/4,3,94,0
G5,188361.9035395411,0.25,4/4,3,94,0
E5,188611.1875708617,1.5,4/4,3,94,0
D5,190083.67180413843,0.5,4/4,3,94,0
D5,190190.70259559993,1.0,3/8,3,95,0
A5,191858.015447846,0.5,3/8,3,95,0
B5,192217.26378259645,0.5,3/8,2,16,1
B5,192339.11319218815,0.5,3/8,2,16,1
F‚ôØ5,192773.2207695581,0.5,3/8,2,16,1
G5,193086.0291950115,0.5,3/8,2,17,1
G5,193378.46728164866,0.25,3/8,2,17,1
A5,193485.58196924624,0.25,3/8,2,17,1
B5,193572.32631802713,0.5,3/8,2,17,1
E5,193885.13474348103,0.5,3/8,2,18,1
A5,194128.2833049888,0.5,3/8,2,18,1
G5,194441.09173044222,0.5,3/8,2,18,1
F‚ôØ5,194730.68020124745,0.25,3/8,2,19,1
G5,194910.30436862254,0.25,3/8,2,19,1
F‚ôØ5,194997.0487174039,0.25,3/8,2,19,1
E5,195153.45293013033,0.25,3/8,2,19,1
D5,195286.63718820873,0.25,3/8,2,19,1
E5,195436.3522799746,0.25,3/8,2,19,1
F‚ôØ5,195549.38431831065,0.25,3/8,2,20,1
A5,195686.18996244346,0.25,3/8,2,20,1
F‚ôØ5,195796.15426587334,0.25,3/8,2,20,1
D5,195952.55847859982,0.25,3/8,2,20,1
C‚ôØ5,196062.5227820297,0.25,3/8,2,20,1
E5,196242.1469494047,0.25,3/8,2,20,1
D5,196352.11125283453,0.25,3/8,2,21,1
D4,196667.44473534668,0.25,3/8,2,21,1
D5,196675.75871338721,0.25,3/8,2,21,1
E5,196821.32389101485,0.25,3/8,2,21,1
F‚ôØ5,196908.0682397962,0.25,3/8,2,21,1
D5,197041.25249787417,0.25,3/8,2,21,1
B4,197220.8766652496,0.25,3/8,2,22,1
F‚ôØ5,197400.50083262505,0.25,3/8,2,22,1
E5,197510.46513605447,0.25,3/8,2,22,1
B5,197620.42943948435,0.25,3/8,2,22,1
D5,197800.05360685935,0.25,3/8,2,22,1
B5,197886.7979556407,0.25,3/8,2,22,1
C‚ôØ5,198136.08198696174,0.25,3/8,2,23,1
D5,198269.26624503965,0.25,3/8,2,23,1
C‚ôØ5,198402.45050311805,0.25,3/8,2,23,1
B4,198512.41480654792,0.25,3/8,2,23,1
A4,198645.59906462586,0.25,3/8,2,23,1
F‚ôØ5,198778.7833227043,0.25,3/8,2,23,1
B4,198958.40749007926,0.25,3/8,2,24,1
G5,199207.6915214003,0.25,3/8,2,24,1
B4,199294.43587018165,0.25,3/8,2,24,1
G5,199450.84008290814,0.25,3/8,2,24,1
F‚ôØ4,199584.0243409865,0.25,3/8,2,24,1
A5,199740.42855371343,0.25,3/8,2,24,1
G4,199873.6128117914,0.25,3/8,2,25,1
B5,200030.01702451828,0.25,3/8,2,25,1
G4,200116.76137329964,0.25,3/8,2,25,1
A4,200389.2653592688,0.25,3/8,2,25,1
B4,200499.22966269864,0.25,3/8,2,25,1
F‚ôØ5,200655.6338754251,0.25,3/8,2,25,1
E4,200812.038088152,0.25,3/8,2,26,1
G5,200898.78243693337,0.25,3/8,2,26,1
A4,201101.62655895686,0.25,3/8,2,26,1
F‚ôØ5,201234.8108170353,0.25,3/8,2,26,1
G4,201367.9950751137,0.25,3/8,2,26,1
E5,201524.39928784015,0.25,3/8,2,26,1
F‚ôØ4,201704.0234552156,0.25,3/8,2,27,1
G4,201908.0168244381,0.25,3/8,2,27,1
F‚ôØ4,202016.83188066902,0.25,3/8,2,27,1
E4,202150.01613874742,0.25,3/8,2,27,1
D4,202306.4203514739,0.25,3/8,2,27,1
F‚ôØ5,202439.60460955225,0.25,3/8,2,27,1
G4,202642.44873157624,0.25,3/8,2,28,1
F‚ôØ5,202845.29285359976,0.25,3/8,2,28,1
E5,203000.5327203799,0.25,3/8,2,28,1
D5,203125.1747360404,0.25,3/8,2,28,1
C‚ôØ5,203244.8456278345,0.25,3/8,2,28,1
B4,203354.80993126438,0.25,3/8,2,28,1
A‚ôØ4,203511.21414399083,1.0,3/8,2,29,1
D5,203765.31172052165,0.25,3/8,2,29,1
E5,204525.43475411026,0.25,3/8,2,29,1
F‚ôØ5,204705.05892148527,0.25,3/8,2,30,1
D5,204861.4631342122,0.25,3/8,2,30,1
F‚ôØ5,204996.26587100275,0.25,3/8,2,30,1
D5,205151.05160501707,0.25,3/8,2,30,1
G5,205279.57989654207,0.25,3/8,2,30,1
E5,205394.20016652485,0.25,3/8,2,30,1
F‚ôØ5,205527.38442460328,0.25,3/8,2,31,1
D5,205683.78863733017,0.25,3/8,2,31,1
F‚ôØ5,205793.75294075962,0.25,3/8,2,31,1
D5,205950.15715348654,0.25,3/8,2,31,1
G5,206083.34141156494,0.25,3/8,2,31,1
E5,206210.1238927863,0.25,3/8,2,31,1
F‚ôØ5,206303.27001842423,0.25,3/8,2,32,1
D5,206459.67423115068,0.25,3/8,2,32,1
F‚ôØ5,206592.85848922908,0.25,3/8,2,32,1
D5,206726.0427473075,0.25,3/8,2,32,1
E5,206836.0070507369,0.25,3/8,2,32,1
C‚ôØ5,206969.1913088153,0.25,3/8,2,32,1
D5,207125.59552154221,0.5,3/8,2,33,1
B4,207438.40394699562,0.5,3/8,2,33,1
D5,207542.2327806123,0.25,3/8,2,33,1
E5,207977.27644912153,0.25,3/8,2,33,1
F‚ôØ5,208064.02079790243,0.25,3/8,2,34,1
D5,208220.42501062935,0.25,3/8,2,34,1
F‚ôØ5,208353.60926870775,0.25,3/8,2,34,1
D5,208486.79352678565,0.25,3/8,2,34,1
G5,208666.41769416112,0.25,3/8,2,34,1
E5,208753.16204294245,0.25,3/8,2,34,1
F‚ôØ5,208886.3463010204,0.25,3/8,2,35,1
D5,209019.5305590988,0.25,3/8,2,35,1
F‚ôØ5,209152.7148171772,0.25,3/8,2,35,1
D5,209285.89907525515,0.25,3/8,2,35,1
G5,209442.3032879821,0.25,3/8,2,35,1
E5,209575.48754606003,0.25,3/8,2,35,1
F‚ôØ5,209685.4518494899,0.25,3/8,2,36,1
D5,209818.6361075683,0.25,3/8,2,36,1
F‚ôØ5,209951.82036564624,0.25,3/8,2,36,1
D5,210085.0046237246,0.25,3/8,2,36,1
E5,210194.9689271545,0.25,3/8,2,36,1
C‚ôØ5,210304.93323058393,0.25,3/8,2,36,1
D5,210461.33744331085,0.5,3/8,2,37,1
B4,210774.14586876426,0.5,3/8,2,37,1
F‚ôØ5,211086.95429421763,0.5,3/8,2,37,1
E4,211562.30240221115,0.5,3/8,2,38,1
G5,211828.67091836748,0.25,3/8,2,38,1
F‚ôØ5,211938.63522179736,0.25,3/8,2,38,1
G5,212048.5995252268,0.25,3/8,2,38,1
E4,212181.78378330523,0.25,3/8,2,38,1
F‚ôØ4,212407.84785997725,0.5,3/8,2,39,1
A‚ôØ5,212743.8762400796,0.5,3/8,2,39,1
F‚ôØ4,213010.24475623597,0.5,3/8,2,39,1
G4,213299.83322704083,0.5,3/8,2,40,1
B5,213612.64165249423,0.25,3/8,2,40,1
A‚ôØ5,213722.60595592408,0.25,3/8,2,40,1
B5,213855.79021400248,0.5,3/8,2,40,1
G‚ôØ4,214168.5986394559,0.5,3/8,2,41,1
B5,214434.96715561225,0.25,3/8,2,41,1
C‚ôØ6,214614.5913229877,0.25,3/8,2,41,1
D6,214725.4354736745,0.25,3/8,2,41,1
B5,214857.7398844955,0.25,3/8,2,41,1
A4,215060.58400651946,0.5,3/8,2,42,1
C‚ôØ6,215350.1724773243,0.25,3/8,2,42,1
B5,215460.13678075423,0.25,3/8,2,42,1
C‚ôØ6,215616.5409934807,0.5,3/8,2,42,1
A‚ôØ4,215952.5693735831,0.5,3/8,2,43,1
C‚ôØ6,216149.27802579384,0.25,3/8,2,43,1
D6,216328.90219316926,0.25,3/8,2,43,1
B5,216462.08645124722,0.25,3/8,2,43,1
C‚ôØ6,216595.27070932562,0.25,3/8,2,43,1
B4,216774.89487670062,0.5,3/8,2,44,1
D6,217064.48334750594,0.25,3/8,2,44,1
C‚ôØ6,217151.22769628683,0.25,3/8,2,44,1
D6,217307.63190901373,0.5,3/8,2,44,1
E5,217597.2203798186,0.5,3/8,2,45,1
C‚ôØ6,217817.148986678,0.25,3/8,2,45,1
A‚ôØ5,218019.9931087019,0.25,3/8,2,45,1
B5,218129.95741213177,0.25,3/8,2,45,1
D5,218286.36162485823,0.25,3/8,2,45,1
E5,218396.3259282881,0.25,3/8,2,46,1
G5,218529.5101863665,0.25,3/8,2,46,1
F‚ôØ5,218616.25453514737,0.5,3/8,2,46,1
A‚ôØ5,218929.06296060124,0.5,3/8,2,46,1
B4,219288.31129535168,1.0,3/8,2,47,1
D5,220146.12769274373,0.5,3/8,2,47,1
F‚ôØ4,220458.93611819757,0.25,3/8,2,48,1
A4,220638.56028557257,0.25,3/8,2,48,1
D5,220794.9644982995,0.25,3/8,2,48,1
A5,220928.1487563779,0.25,3/8,2,48,1
D5,221061.33301445586,0.5,3/8,2,48,1
G4,221350.92148526068,0.25,3/8,2,49,1
B4,221484.1057433391,0.25,3/8,2,49,1
D5,221617.2900014175,0.25,3/8,2,49,1
B5,221750.47425949544,0.25,3/8,2,49,1
D5,221906.87847222236,0.5,3/8,2,49,1
A4,222196.46694302722,0.25,3/8,2,50,1
C5,222329.65120110565,0.25,3/8,2,50,1
G4,222462.83545918358,0.25,3/8,2,50,1
B4,222596.99884346497,0.25,3/8,2,50,1
F‚ôØ4,222752.4239299889,0.25,3/8,2,50,1
A4,222885.60818806686,0.25,3/8,2,50,1
G4,223018.79244614523,0.25,3/8,2,51,1
B4,223198.4166135207,0.25,3/8,2,51,1
A4,223331.60087159864,0.25,3/8,2,51,1
G4,223441.56517502855,0.25,3/8,2,51,1
B4,223621.189342404,0.5,3/8,2,51,1
D‚ôØ4,223980.4376771544,0.25,3/8,2,52,1
F‚ôØ4,224160.0618445294,0.25,3/8,2,52,1
B4,224316.46605725633,0.25,3/8,2,52,1
F‚ôØ5,224426.4303606862,0.25,3/8,2,52,1
B4,224559.61461876414,0.5,3/8,2,52,1
E4,224872.42304421798,0.25,3/8,2,53,1
G4,225005.6073022959,0.25,3/8,2,53,1
B4,225115.57160572583,0.25,3/8,2,53,1
G5,225248.75586380385,0.25,3/8,2,53,1
B4,225406.6042695145,0.5,3/8,2,53,1
F‚ôØ4,225694.74854733553,0.25,3/8,2,54,1
A4,225827.93280541396,0.25,3/8,2,54,1
E4,225984.33701814085,0.25,3/8,2,54,1
G4,226071.08136692178,0.25,3/8,2,54,1
D‚ôØ4,226227.4855796487,0.25,3/8,2,54,1
F‚ôØ4,226360.6698377271,0.25,3/8,2,54,1
E4,226540.29400510207,0.25,3/8,2,55,1
G4,226650.25830853195,0.25,3/8,2,55,1
F‚ôØ4,226806.6625212584,0.25,3/8,2,55,1
E4,227032.72659793094,0.25,3/8,2,55,1
E5,227433.65982643058,0.5,3/8,2,55,1
F‚ôØ5,227594.81905470532,0.5,3/8,2,56,1
F‚ôØ5,227810.07068544015,0.5,3/8,2,56,1
C‚ôØ5,228150.776041667,0.5,3/8,2,56,1
D5,228486.80442176893,0.5,3/8,2,57,1
D5,228835.1239249039,0.25,3/8,2,57,1
E5,228886.3571960037,0.25,3/8,2,57,1
F‚ôØ5,228973.10154478453,0.5,3/8,2,57,1
B4,229285.90997023843,0.5,3/8,2,58,1
E5,229598.71839569183,0.5,3/8,2,58,1
D5,229841.8669571996,0.5,3/8,2,58,1
C‚ôØ5,230131.4554280045,0.5,3/8,2,59,1
A4,230839.00308248325,0.5,3/8,2,59,1
A5,230948.46157356174,0.25,3/8,2,59,1
F‚ôØ4,231006.35631023275,0.25,3/8,2,59,1
B5,231185.98047760778,0.25,3/8,2,60,1
G4,231319.16473568615,0.25,3/8,2,60,1
B5,231405.90908446704,0.25,3/8,2,60,1
G4,231608.753206491,0.25,3/8,2,60,1
F‚ôØ5,231695.49755527236,0.25,3/8,2,60,1
A4,231875.12172264737,0.25,3/8,2,60,1
G5,232008.30598072577,0.25,3/8,2,61,1
B4,232141.49023880417,0.25,3/8,2,61,1
G5,232297.89445153062,0.25,3/8,2,61,1
A5,232454.29866425757,0.25,3/8,2,61,1
B5,232564.2629676871,0.25,3/8,2,61,1
G4,232720.6671804139,0.25,3/8,2,61,1
E5,232900.29134778935,0.25,3/8,2,62,1
C‚ôØ5,233004.9027157738,0.25,3/8,2,62,1
A5,233143.4399092972,0.25,3/8,2,62,1
A4,233382.07300423147,0.25,3/8,2,62,1
G5,233409.8084254535,0.25,3/8,2,62,1
C‚ôØ5,233566.21263818044,0.25,3/8,2,62,1
F‚ôØ5,233745.83680555588,0.25,3/8,2,63,1
E5,233948.6809275794,0.25,3/8,2,63,1
D5,234081.8651856578,0.5,3/8,2,63,1
A5,234208.913973923,0.5,3/8,2,63,1
B4,234684.26208191607,0.25,3/8,2,64,1
A5,234840.666294643,0.25,3/8,2,64,1
G5,234973.8505527214,0.25,3/8,2,64,1
F‚ôØ5,235098.19025474772,0.25,3/8,2,64,1
E5,235263.43902352627,0.25,3/8,2,64,1
D5,235350.18337230757,0.25,3/8,2,64,1
A4,235506.58758503405,0.25,3/8,2,65,1
E5,235709.43170705804,0.25,3/8,2,65,1
D5,235837.5001062925,0.25,3/8,2,65,1
C‚ôØ5,235952.58026856586,0.25,3/8,2,65,1
F‚ôØ4,236062.54457199574,0.25,3/8,2,65,1
D5,236242.16873937074,0.25,3/8,2,65,1
G4,236398.57295209766,0.25,3/8,2,66,1
B5,236531.75721017606,0.25,3/8,2,66,1
A4,236711.38137755104,0.5,3/8,2,66,1
C‚ôØ5,237047.40975765293,0.5,3/8,2,66,1
D5,237336.9982284583,1.0,3/8,2,67,1
F‚ôØ5,238078.71485260772,0.25,3/8,2,67,1
G5,238235.11906533464,0.25,3/8,2,67,1
A5,238414.74323271008,0.25,3/8,2,68,1
F‚ôØ5,238617.5873547336,0.25,3/8,2,68,1
A5,238750.771612812,0.25,3/8,2,68,1
F‚ôØ5,238883.95587088994,0.25,3/8,2,68,1
B5,239040.36008361686,0.25,3/8,2,68,1
G5,239173.54434169526,0.25,3/8,2,68,1
A5,239287.833067602,0.25,3/8,2,69,1
F‚ôØ5,239439.91285785157,0.25,3/8,2,69,1
A5,239573.09711593002,0.25,3/8,2,69,1
F‚ôØ5,239706.281374008,0.25,3/8,2,69,1
B5,239816.24567743784,0.25,3/8,2,69,1
G5,239949.4299355159,0.25,3/8,2,69,1
A5,240082.61419359417,0.25,3/8,2,70,1
F‚ôØ5,240215.79845167257,0.25,3/8,2,70,1
A5,240348.9827097505,0.25,3/8,2,70,1
F‚ôØ5,240482.1669678289,0.25,3/8,2,70,1
G5,240615.69099960063,0.25,3/8,2,70,1
E5,240748.53548398524,0.25,3/8,2,70,1
F‚ôØ5,240904.9396967122,0.5,3/8,2,71,1
D5,241240.96807681408,0.5,3/8,2,71,1
F‚ôØ5,241321.57695578225,0.25,3/8,2,71,1
G5,241686.9607603459,0.25,3/8,2,71,1
A5,241889.80488236985,0.25,3/8,2,72,1
F‚ôØ5,242046.20909509633,0.25,3/8,2,72,1
A5,242156.1733985262,0.25,3/8,2,72,1
F‚ôØ5,242289.35765660458,0.25,3/8,2,72,1
B5,242445.76186933107,0.25,3/8,2,72,1
G5,242578.94612740946,0.25,3/8,2,72,1
A5,242688.91043083934,0.25,3/8,2,73,1
F‚ôØ5,242845.31464356583,0.25,3/8,2,73,1
A5,242978.49890164423,0.25,3/8,2,73,1
F‚ôØ5,243111.68315972213,0.25,3/8,2,73,1
B5,243291.3073270976,0.25,3/8,2,73,1
G5,243378.86042119394,0.25,3/8,2,73,1
A5,243488.01597930837,0.25,3/8,2,74,1
F‚ôØ5,243667.64014668384,0.25,3/8,2,74,1
A5,243777.6044501137,0.25,3/8,2,74,1
F‚ôØ5,243910.78870819166,0.25,3/8,2,74,1
G5,244067.19292091855,0.25,3/8,2,74,1
E5,244200.37717899668,0.25,3/8,2,74,1
F‚ôØ5,244333.56143707485,0.5,3/8,2,75,1
D5,244669.58981717683,0.5,3/8,2,75,1
F‚ôØ4,244773.41865079393,0.5,3/8,2,75,1
G4,245341.6465773811,0.25,3/8,2,76,1
B4,245544.49069940508,0.25,3/8,2,76,1
D5,245677.67495748305,0.25,3/8,2,76,1
B4,245810.85921556142,0.25,3/8,2,76,1
G‚ôØ4,245944.04347363938,0.25,3/8,2,76,1
E5,246123.66764101485,0.25,3/8,2,76,1
A4,246303.2918083903,0.5,3/8,2,77,1
F‚ôØ5,246616.10023384367,0.5,3/8,2,77,1
A‚ôØ4,246908.28759232382,0.5,3/8,2,77,1
B4,247148.8372661565,0.25,3/8,2,78,1
D5,247351.68138818032,0.25,3/8,2,78,1
F‚ôØ5,247461.6456916102,0.25,3/8,2,78,1
D5,247594.82994968814,0.25,3/8,2,78,1
B4,247704.79425311805,0.25,3/8,2,78,1
G5,247861.19846584494,0.25,3/8,2,78,1
C‚ôØ5,248064.04258786846,0.5,3/8,2,79,1
A5,248330.41110402526,0.5,3/8,2,79,1
C‚ôØ5,248805.75921201834,0.5,3/8,2,79,1
D5,248979.2479095806,0.25,3/8,2,80,1
F‚ôØ5,249158.87207695603,0.25,3/8,2,80,1
A5,249292.05633503397,0.25,3/8,2,80,1
F‚ôØ5,249402.02063846384,0.25,3/8,2,80,1
D5,249535.20489654224,0.25,3/8,2,80,1
F‚ôØ5,249668.38915462018,0.25,3/8,2,80,1
G4,249848.01332199562,0.5,3/8,2,81,1
E5,250184.04170209754,0.25,3/8,2,81,1
C‚ôØ5,250317.22596017594,0.25,3/8,2,81,1
D5,250450.4102182539,0.25,3/8,2,81,1
F‚ôØ4,250583.5944763323,0.25,3/8,2,81,1
G4,250739.99868905923,0.25,3/8,2,82,1
D5,250896.40290178565,0.25,3/8,2,82,1
A4,251076.02706916118,0.5,3/8,2,82,1
C‚ôØ5,251435.27540391157,0.5,3/8,2,82,1
D5,251701.6439200681,0.25,3/8,2,83,1
A4,251950.92795138893,0.25,3/8,2,83,1
F‚ôØ5,252086.32704355416,0.25,3/8,2,83,1
D5,252217.2964675453,0.25,3/8,2,83,1
A5,252350.4807256237,0.25,3/8,2,83,1
F‚ôØ5,252506.88493835065,0.25,3/8,2,83,1
D6,252663.2891510771,0.25,3/8,2,84,1
A5,252796.4734091555,0.25,3/8,2,84,1
F‚ôØ5,252952.87762188242,0.25,3/8,2,84,1
D5,253062.84192531183,0.25,3/8,2,84,1
A5,253219.24613803878,0.25,3/8,2,84,1
F‚ôØ5,253352.4303961167,0.25,3/8,2,84,1
D5,253485.6146541951,0.25,3/8,2,85,1
F‚ôØ5,253642.018866922,0.25,3/8,2,85,1
A4,253728.76321570293,0.25,3/8,2,85,1
D5,253885.16742842985,0.25,3/8,2,85,1
F‚ôØ4,254041.57164115677,0.25,3/8,2,85,1
A4,254174.7558992347,0.25,3/8,2,85,1
D4,254331.16011196162,1.5,4/4,3,86,1
F‚ôØ5,256291.26339285742,0.25,4/4,3,86,1
G5,256494.10751488095,0.25,4/4,3,86,1
G5,256988.5697986331,1.5,4/4,3,86,1
F‚ôØ5,257844.3565051023,0.1666666666666666,4/4,3,86,1
G5,257933.14601048743,0.1666666666666666,4/4,3,86,1
A5,257975.49560657598,0.1666666666666666,4/4,3,86,1
D‚ôØ4,258598.3440688777,1.5,4/4,3,87,1
C6,259583.20925453532,0.5,4/4,3,87,1
B5,259733.4779974491,0.75,4/4,3,87,1
A5,260295.5704542235,0.25,4/4,3,87,1
G5,260591.29439484156,0.75,4/4,3,87,1
F‚ôØ5,261060.50703302163,0.25,4/4,3,87,1
E4,261309.79106434245,1.5,4/4,3,88,1
G5,262619.73561507947,0.25,4/4,3,88,1
A5,262845.799691752,0.25,4/4,3,88,1
A5,263304.4435872563,1.5,4/4,3,88,1
G5,264126.38881802734,0.1666666666666666,4/4,3,88,1
A5,264191.9583687644,0.1666666666666666,4/4,3,88,1
B5,264350.40773809515,0.1666666666666666,4/4,3,88,1
C‚ôØ5,264903.59633645124,1.5,4/4,3,89,1
E5,265725.92183956923,0.5,4/4,3,89,1
A5,265922.63049178,0.75,4/4,3,89,1
F‚ôØ4,266531.1628578515,0.25,4/4,3,89,1
G5,266687.5670705784,0.75,4/4,3,89,1
E4,267203.2196180558,0.25,4/4,3,89,1
F‚ôØ5,267382.84378543077,0.75,4/4,3,90,1
D5,267921.7162875566,0.25,4/4,3,90,1
B5,268124.5604095806,1.0,4/4,3,90,1
C‚ôØ5,269075.25662556675,0.75,4/4,3,90,1
E5,269567.6892183956,0.25,4/4,3,90,1
A5,269724.09343112254,0.75,4/4,3,90,1
A4,270377.5850379214,0.25,4/4,3,90,1
B4,270465.81005527225,0.75,4/4,3,91,1
D5,270981.46260274935,0.25,4/4,3,91,1
G5,271207.52667942183,1.0,4/4,3,91,1
A4,271972.46325822023,0.75,4/4,3,91,1
C‚ôØ5,272604.2155789398,0.25,4/4,3,91,1
F‚ôØ5,273341.1186578799,0.75,4/4,3,91,1
F‚ôØ4,273535.7261916018,0.25,4/4,3,91,1
G4,273571.9962797622,0.75,4/4,3,92,1
F‚ôØ5,274064.428872591,0.25,4/4,3,92,1
E5,274406.5927225057,0.75,4/4,3,92,1
D5,274829.365451389,0.25,4/4,3,92,1
G‚ôØ4,275101.8694373585,0.75,4/4,3,92,1
E5,275617.52198483585,0.25,4/4,3,92,1
D5,275820.3661068594,0.75,4/4,3,92,1
B5,276382.45856363385,0.25,4/4,3,92,1
A4,276608.5226403064,0.75,4/4,3,93,1
C‚ôØ5,277217.0550063778,0.25,4/4,3,93,1
E5,277419.89912840136,1.0,4/4,3,93,1
0,278162.3593781262,0.75,4/4,3,93,1
G5,278886.2478918653,0.25,4/4,3,93,1
F‚ôØ5,278996.21219529473,0.75,4/4,3,93,1
E5,279604.7445613662,0.25,4/4,3,93,1
D6,279854.0285926872,0.75,4/4,3,94,1
C‚ôØ6,280485.7809134073,0.125,4/4,3,94,1
B5,280587.202974419,0.125,4/4,3,94,1
A5,280665.40508078225,0.75,4/4,3,94,1
G5,281204.27758290817,0.25,4/4,3,94,1
E5,281430.3416595806,1.5,4/4,3,94,1
D5,282763.5061649662,0.5,4/4,3,94,1
D5,287070.1467899661,4.0,4/4,3,96,0
D5,287819.2568272801,0.5,4/4,4,97,0
E5,287865.28656462574,0.25,4/4,4,97,0
F‚ôØ5,287972.4869633006,0.25,4/4,4,97,0
E5,287984.31839358906,1.0,4/4,4,98,0
D5,288176.77306547615,1.0,4/4,4,98,0
C‚ôØ5,288430.87064200704,1.0,4/4,4,98,0
B4,288661.7482638889,0.5,4/4,4,98,0
A4,288781.3389491213,0.5,4/4,4,98,0
D5,288939.0657950682,1.0,4/4,4,99,0
A4,289193.1633715986,1.0,4/4,4,99,0
D4,289331.1611748868,1.0,4/4,4,99,0
D5,289857.22891718557,0.5,4/4,4,99,0
E5,289921.2871315195,0.25,4/4,4,99,0
F‚ôØ5,289969.5391218706,0.25,4/4,4,99,0
E5,289981.17869112734,1.0,4/4,4,100,0
D5,290163.11376842397,1.0,4/4,4,100,0
C‚ôØ5,290417.21134495473,1.0,4/4,4,100,0
B4,290648.0889668369,0.5,4/4,4,100,0
A4,290751.9178004537,0.5,4/4,4,100,0
D5,290925.4064980159,2.0,4/4,4,101,0
D4,291802.49738555396,1.0,4/4,4,101,0
D5,291811.35878601694,0.5,4/4,4,101,0
E5,291907.6278344673,0.25,4/4,4,101,0
F‚ôØ5,291943.2417399475,0.25,4/4,4,101,0
E5,291954.8187308749,1.0,4/4,4,102,0
D5,292126.2345167236,1.0,4/4,4,102,0
C‚ôØ5,292380.33209325396,1.0,4/4,4,102,0
B4,292611.20971513627,0.5,4/4,4,102,0
A4,292729.76581986964,0.5,4/4,4,102,0
D5,292842.0873370181,1.0,4/4,4,103,0
A4,293119.40486819745,1.0,4/4,4,103,0
D4,293257.4026714852,1.0,4/4,4,103,0
D5,293758.17161424493,0.5,4/4,4,103,0
E5,293801.0887188209,0.25,4/4,4,103,0
F‚ôØ5,293870.43872997,0.25,4/4,4,103,0
E5,293882.14155775536,1.0,4/4,4,104,0
D5,294089.35526502284,1.0,4/4,4,104,0
C‚ôØ5,294320.2328869046,1.0,4/4,4,104,0
B4,294551.1105087869,0.5,4/4,4,104,0
A4,294678.15929705213,0.5,4/4,4,104,0
D5,294828.42803996627,3.0,4/4,4,105,0
F‚ôØ5,295660.38063350343,0.5,4/4,4,106,0
G‚ôØ5,295810.64937641716,0.5,4/4,4,106,0
A5,295960.9181193313,1.0,4/4,4,107,0
A4,296949.35447927355,1.0,4/4,4,107,0
A4,296952.93290937325,1.0,4/4,4,107,0
A4,296956.51133947296,1.0,4/4,4,107,0
A4,296960.0897695726,3.0,4/4,4,108,0
C‚ôØ5,297693.1612457482,0.5,4/4,4,108,0
E5,297843.4299886624,0.5,4/4,4,108,0
A4,297947.25882227905,1.0,4/4,4,109,0
D5,298271.01626275503,0.5,4/4,4,109,0
F‚ôØ5,298351.6251417236,0.5,4/4,4,109,0
A4,298433.37570687424,1.0,4/4,4,109,0
C‚ôØ5,298732.7715065191,0.5,4/4,4,109,0
E5,298883.0402494333,0.5,4/4,4,109,0
A4,298986.86908305,1.0,4/4,4,110,0
E5,299264.18661422934,0.5,4/4,4,110,0
A5,299368.015447846,0.5,4/4,4,110,0
A4,299625.11273436836,1.0,4/4,4,110,0
C‚ôØ5,299772.3817672905,0.5,4/4,4,110,0
D‚ôØ5,299899.43055555574,0.5,4/4,4,110,0
E5,300003.25938917237,1.0,4/4,4,111,0
E4,300326.3185141909,1.0,4/4,4,111,0
E4,300987.7727452492,1.0,4/4,4,111,0
E4,300992.458970086,1.0,4/4,4,111,0
E4,300997.14519492275,3.0,4/4,4,112,0
D5,301758.7224702383,1.0,4/4,4,112,0
C‚ôØ5,301989.60009212006,1.0,4/4,4,113,0
B4,302243.69766865094,1.0,4/4,4,113,0
A4,302474.5752905328,1.0,4/4,4,113,0
B4,302751.8928217121,0.5,4/4,4,113,0
G‚ôØ4,302902.1615646258,0.5,4/4,4,113,0
A4,303005.9903982429,3.0,4/4,4,114,0
D5,303884.38290107716,0.5,4/4,4,114,0
E5,304034.65164399083,0.25,4/4,4,114,0
F‚ôØ5,304099.04130009376,0.25,4/4,4,114,0
E5,304138.4804776079,1.0,4/4,4,115,0
D5,304369.3580994898,1.0,4/4,4,115,0
C‚ôØ5,304623.4556760206,1.0,4/4,4,115,0
B4,304854.3332979025,0.5,4/4,4,115,0
A4,304958.1890871847,0.5,4/4,4,115,0
D5,305131.6508290819,1.0,4/4,4,116,0
A4,305362.52845096367,1.0,4/4,4,116,0
D4,305616.6260274945,1.0,4/4,4,116,0
D5,306018.4071582039,0.5,4/4,4,116,0
E5,306090.6522108846,0.25,4/4,4,116,0
F‚ôØ5,306223.83646896255,0.25,4/4,4,116,0
E5,306264.14090844686,1.0,4/4,4,117,0
D5,306355.6988024376,1.0,4/4,4,117,0
C‚ôØ5,306609.79637896834,1.0,4/4,4,117,0
B4,306840.6740008503,0.5,4/4,4,117,0
A4,306967.7227891158,0.5,4/4,4,117,0
D5,307117.99153203,2.0,4/4,4,118,0
D4,307989.77363461914,1.0,4/4,4,118,0
D5,307996.60957211914,0.5,4/4,4,118,0
E5,308030.55300453515,0.25,4/4,4,118,0
F‚ôØ5,308092.8959554364,0.25,4/4,4,118,0
E5,308116.0499372912,1.0,4/4,4,119,0
D5,308342.0395053854,1.0,4/4,4,119,0
C‚ôØ5,308596.13708191627,1.0,4/4,4,119,0
B4,308803.7947491497,0.5,4/4,4,119,0
A4,308907.6235827666,0.5,4/4,4,119,0
D5,309057.89232568047,1.0,4/4,4,120,0
A4,309242.33003826527,1.0,4/4,4,120,0
D4,309473.2076601476,1.0,4/4,4,120,0
D5,309896.0717949974,0.5,4/4,4,120,0
E5,309924.013888889,0.25,4/4,4,120,0
F‚ôØ5,309973.59747158596,0.25,4/4,4,120,0
E5,310004.6227678572,1.0,4/4,4,121,0
D5,310212.2804350907,1.0,4/4,4,121,0
C‚ôØ5,310466.37801162153,1.0,4/4,4,121,0
B4,310697.2556335031,0.5,4/4,4,121,0
A4,310801.08446712035,0.5,4/4,4,121,0
D5,310951.35321003397,3.0,4/4,4,122,0
D5,312057.5114217083,1.0,4/4,4,122,0
G5,312083.843289399,1.0,4/4,4,123,0
G5,312372.9664550126,0.5,4/4,4,123,0
B5,312418.54974489793,0.5,4/4,4,123,0
G5,312522.37857851485,1.0,4/4,4,123,0
D5,312776.4761550457,1.0,4/4,4,123,0
G5,312984.1338222788,2.0,4/4,4,124,0
G4,313727.3744736504,1.0,4/4,4,124,0
A4,313746.4265518709,1.0,4/4,4,124,0
B4,313977.3041737528,1.0,4/4,4,125,0
D5,314254.6217049321,1.0,4/4,4,125,0
A4,314462.27937216527,1.0,4/4,4,125,0
C5,314693.15699404763,1.0,4/4,4,125,0
G4,314947.2545705784,2.0,4/4,4,126,0
B4,315432.2297689914,1.0,4/4,4,126,0
A4,315686.32734552136,0.5,4/4,4,126,0
B4,315813.37613378675,0.5,4/4,4,126,0
D5,315940.4249220522,0.5,4/4,4,127,0
B4,316044.25375566905,0.5,4/4,4,127,0
A4,316194.52249858296,0.5,4/4,4,127,0
B4,316298.35133219947,0.5,4/4,4,127,0
G4,316402.18016581674,0.5,4/4,4,127,0
B4,316506.00899943325,0.5,4/4,4,127,0
A4,316633.0577876983,0.5,4/4,4,127,0
B4,316736.886621315,0.5,4/4,4,127,0
C5,316887.1553642291,0.5,4/4,4,128,0
B4,317014.20415249426,0.5,4/4,4,128,0
A4,317141.25294075964,0.5,4/4,4,128,0
B4,317221.861819728,0.5,4/4,4,128,0
G4,317348.9106079934,1.0,4/4,4,128,0
D5,317626.2281391722,1.0,4/4,4,128,0
C‚ôØ5,317857.10576105455,1.0,4/4,4,129,0
D5,318087.98338293645,1.0,4/4,4,129,0
G5,318318.8610048187,1.0,4/4,4,129,0
F‚ôØ5,318549.7386267006,1.0,4/4,4,129,0
F‚ôØ5,318619.5900197343,2.0,4/4,4,130,0
E5,319799.6504039115,1.0,4/4,4,130,0
D5,320051.17367282935,0.5,4/4,4,97,1
E5,320074.32765468414,0.25,4/4,4,97,1
F‚ôØ5,320078.24909424316,0.25,4/4,4,97,1
E5,320082.13595401304,1.0,4/4,4,98,1
D5,320143.9839498304,1.0,4/4,4,98,1
C‚ôØ5,320398.0815263603,1.0,4/4,4,98,1
B4,320628.95914824266,0.5,4/4,4,98,1
A4,320728.66321215976,0.5,4/4,4,98,1
D5,320883.05672477337,1.0,4/4,4,99,1
A4,321137.15430130414,1.0,4/4,4,99,1
D4,321298.37205924024,1.0,4/4,4,99,1
D5,321761.5362159678,0.5,4/4,4,99,1
E5,321865.2780612244,0.25,4/4,4,99,1
F‚ôØ5,321958.96137156006,0.25,4/4,4,99,1
E5,321962.8907881887,1.0,4/4,4,100,1
D5,322083.8847434809,1.0,4/4,4,100,1
C‚ôØ5,322314.7623653627,1.0,4/4,4,100,1
B4,322568.8599418936,0.5,4/4,4,100,1
A4,322672.68877551,0.5,4/4,4,100,1
D5,322869.3974277209,2.0,4/4,4,101,1
D4,323730.9575982606,1.0,4/4,4,101,1
D5,323739.09869585035,0.5,4/4,4,101,1
E5,323781.95890022663,0.25,4/4,4,101,1
F‚ôØ5,323847.4214243159,0.25,4/4,4,101,1
E5,323859.1242521011,1.0,4/4,4,102,1
D5,324070.2254464284,1.0,4/4,4,102,1
C‚ôØ5,324277.88311366213,1.0,4/4,4,102,1
B4,324532.6092587947,0.5,4/4,4,102,1
A4,324630.6501736112,0.5,4/4,4,102,1
D5,324786.0782667237,1.0,4/4,4,103,1
A4,324970.51597930817,1.0,4/4,4,103,1
D4,325201.39360119053,1.0,4/4,4,103,1
D5,325662.37833637104,0.5,4/4,4,103,1
E5,325675.4197845807,0.25,4/4,4,103,1
F‚ôØ5,325728.3064712694,0.25,4/4,4,103,1
E5,325740.00929905474,1.0,4/4,4,104,1
D5,325963.6863307822,1.0,4/4,4,104,1
C‚ôØ5,326241.00386196154,1.0,4/4,4,104,1
B4,326518.3213931405,0.5,4/4,4,104,1
A4,326668.59013605444,0.5,4/4,4,104,1
D5,326958.1786068595,3.0,4/4,4,105,1
