Note,Score_duration,Time-Signature,Movement,Measure,Repeated
0,0,0,x,x,.
G4,2.0,3/2,1,1,0
E笙ｭ5,0.5,3/2,1,1,0
D5,1.5,3/2,1,1,0
C5,0.5,3/2,1,1,0
B笙ｭ4,1.5,3/2,1,1,0
A4,0.0,3/2,1,2,0
G4,4.0,3/2,1,2,0
0,2.0,3/2,1,2,0
F笙ｯ4,2.0,3/2,1,3,0
D5,0.5,3/2,1,3,0
C5,1.5,3/2,1,3,0
B笙ｭ4,0.5,3/2,1,3,0
A4,1.5,3/2,1,3,0
D4,4.0,3/2,1,4,0
0,2.0,3/2,1,4,0
0,0,0,x,x,.
G5,0.5,3/4,2,5,0
D5,0.5,3/4,2,5,0
D5,0.5,3/4,2,5,0
D5,0.5,3/4,2,5,0
D5,0.25,3/4,2,5,0
E笙ｭ5,0.25,3/4,2,5,0
C5,0.25,3/4,2,5,0
D5,0.25,3/4,2,5,0
E笙ｭ5,0.5,3/4,2,6,0
C5,0.5,3/4,2,6,0
C5,0.5,3/4,2,6,0
C5,0.5,3/4,2,6,0
C5,0.25,3/4,2,6,0
D5,0.25,3/4,2,6,0
E笙ｭ5,0.25,3/4,2,6,0
C5,0.25,3/4,2,6,0
D5,0.5,3/4,2,7,0
D4,0.5,3/4,2,7,0
C5,0.5,3/4,2,7,0
D4,0.5,3/4,2,7,0
A5,0.5,3/4,2,7,0
B笙ｭ4,0.25,3/4,2,7,0
A4,0.25,3/4,2,7,0
B笙ｭ4,0.5,3/4,2,8,0
G4,0.5,3/4,2,8,0
D5,0.5,3/4,2,8,0
G4,0.5,3/4,2,8,0
G5,0.5,3/4,2,8,0
G4,0.5,3/4,2,8,0
B笙ｭ5,0.5,3/4,2,9,0
G4,0.25,3/4,2,9,0
A4,0.25,3/4,2,9,0
B笙ｭ4,0.5,3/4,2,9,0
A4,0.5,3/4,2,9,0
G4,0.5,3/4,2,9,0
F4,0.5,3/4,2,9,0
E4,0.5,3/4,2,10,0
G5,0.5,3/4,2,10,0
0,0.5,3/4,2,10,0
C5,0.5,3/4,2,10,0
G5,0.5,3/4,2,10,0
B笙ｭ4,0.5,3/4,2,10,0
A4,0.5,3/4,2,11,0
F4,0.5,3/4,2,11,0
C5,0.5,3/4,2,11,0
F4,0.5,3/4,2,11,0
F5,0.5,3/4,2,11,0
F4,0.5,3/4,2,11,0
A5,0.5,3/4,2,12,0
F4,0.25,3/4,2,12,0
G4,0.25,3/4,2,12,0
A4,0.5,3/4,2,12,0
G4,0.5,3/4,2,12,0
F4,0.5,3/4,2,12,0
E4,0.5,3/4,2,12,0
D4,0.5,3/4,2,13,0
F5,0.5,3/4,2,13,0
0,0.5,3/4,2,13,0
B笙ｭ4,0.5,3/4,2,13,0
F5,0.5,3/4,2,13,0
A4,0.5,3/4,2,13,0
G4,0.5,3/4,2,14,0
E4,0.5,3/4,2,14,0
B笙ｭ4,0.5,3/4,2,14,0
E4,0.5,3/4,2,14,0
E5,0.5,3/4,2,14,0
E4,0.5,3/4,2,14,0
G5,0.5,3/4,2,15,0
E4,0.25,3/4,2,15,0
F4,0.25,3/4,2,15,0
G4,0.5,3/4,2,15,0
F4,0.5,3/4,2,15,0
E4,0.5,3/4,2,15,0
D4,0.5,3/4,2,15,0
A4,0.5,3/4,2,16,0
C笙ｯ5,0.25,3/4,2,16,0
E5,0.25,3/4,2,16,0
A4,0.5,3/4,2,16,0
D5,0.25,3/4,2,16,0
F5,0.25,3/4,2,16,0
A4,0.5,3/4,2,16,0
E5,0.25,3/4,2,16,0
G5,0.25,3/4,2,16,0
A4,0.5,3/4,2,17,0
F5,0.25,3/4,2,17,0
A5,0.25,3/4,2,17,0
A4,0.5,3/4,2,17,0
E5,0.25,3/4,2,17,0
G5,0.25,3/4,2,17,0
A4,0.5,3/4,2,17,0
D5,0.25,3/4,2,17,0
F5,0.25,3/4,2,17,0
A4,0.5,3/4,2,18,0
C笙ｯ5,0.25,3/4,2,18,0
E5,0.25,3/4,2,18,0
A4,1.0,3/4,2,18,0
0,1.0,3/4,2,18,0
A5,0.25,3/4,2,19,0
G5,0.25,3/4,2,19,0
F5,0.25,3/4,2,19,0
E5,0.25,3/4,2,19,0
D5,0.5,3/4,2,19,0
F4,0.5,3/4,2,19,0
G4,0.5,3/4,2,19,0
E4,0.5,3/4,2,19,0
A5,0.25,3/4,2,20,0
G5,0.25,3/4,2,20,0
F5,0.25,3/4,2,20,0
E5,0.25,3/4,2,20,0
D5,0.5,3/4,2,20,0
G4,0.5,3/4,2,20,0
A4,0.5,3/4,2,20,0
F4,0.5,3/4,2,20,0
B笙ｭ5,0.25,3/4,2,21,0
A5,0.25,3/4,2,21,0
G5,0.25,3/4,2,21,0
F5,0.25,3/4,2,21,0
E5,0.25,3/4,2,21,0
F5,0.25,3/4,2,21,0
G5,0.25,3/4,2,21,0
A5,0.25,3/4,2,21,0
G5,0.25,3/4,2,21,0
F5,0.25,3/4,2,21,0
E5,0.25,3/4,2,21,0
D5,0.25,3/4,2,21,0
C笙ｯ5,0.25,3/4,2,22,0
D5,0.25,3/4,2,22,0
E5,0.25,3/4,2,22,0
F5,0.25,3/4,2,22,0
E5,0.25,3/4,2,22,0
D5,0.25,3/4,2,22,0
C笙ｯ5,0.25,3/4,2,22,0
B4,0.25,3/4,2,22,0
A4,0.25,3/4,2,22,0
G4,0.25,3/4,2,22,0
F4,0.25,3/4,2,22,0
E4,0.25,3/4,2,22,0
F4,0.5,3/4,2,23,0
A5,0.5,3/4,2,23,0
G4,0.5,3/4,2,23,0
D5,0.5,3/4,2,23,0
A4,0.5,3/4,2,23,0
C笙ｯ5,0.5,3/4,2,23,0
D5,0.5,3/4,2,24,0
A4,0.5,3/4,2,24,0
D4,1.0,3/4,2,24,0
0,1.0,3/4,2,24,0
0,0,0,x,x,.
D5,2.0,3/2,3,25,0
B笙ｭ5,0.5,3/2,3,25,0
A5,1.5,3/2,3,25,0
G5,0.5,3/2,3,25,0
F5,1.5,3/2,3,25,0
E5,0.0,3/2,3,26,0
D5,4.0,3/2,3,26,0
0,2.0,3/2,3,26,0
C笙ｯ5,2.0,3/2,3,27,0
A5,0.5,3/2,3,27,0
G5,1.5,3/2,3,27,0
F5,0.5,3/2,3,27,0
E5,1.5,3/2,3,27,0
A4,4.0,3/2,3,28,0
0,2.0,3/2,3,28,0
0,0,0,x,x,.
D6,0.5,3/4,4,29,0
A5,0.5,3/4,4,29,0
A5,0.5,3/4,4,29,0
A5,0.5,3/4,4,29,0
A5,0.25,3/4,4,29,0
B笙ｭ5,0.25,3/4,4,29,0
G5,0.25,3/4,4,29,0
A5,0.25,3/4,4,29,0
B笙ｭ5,0.5,3/4,4,30,0
G5,0.5,3/4,4,30,0
G5,0.5,3/4,4,30,0
G5,0.5,3/4,4,30,0
G5,0.25,3/4,4,30,0
A5,0.25,3/4,4,30,0
B笙ｭ5,0.25,3/4,4,30,0
G5,0.25,3/4,4,30,0
A5,0.5,3/4,4,31,0
A4,0.5,3/4,4,31,0
G5,0.5,3/4,4,31,0
A4,0.5,3/4,4,31,0
E6,0.5,3/4,4,31,0
F5,0.25,3/4,4,31,0
E5,0.25,3/4,4,31,0
F5,0.5,3/4,4,32,0
D5,0.5,3/4,4,32,0
A5,0.5,3/4,4,32,0
G5,0.5,3/4,4,32,0
F笙ｯ5,0.5,3/4,4,32,0
D5,0.5,3/4,4,32,0
B4,0.25,3/4,4,33,0
A4,0.25,3/4,4,33,0
G4,0.25,3/4,4,33,0
A4,0.25,3/4,4,33,0
B4,0.25,3/4,4,33,0
C5,0.25,3/4,4,33,0
D5,0.25,3/4,4,33,0
E笙ｭ5,0.25,3/4,4,33,0
F5,1.0,3/4,4,33,0
E笙ｭ5,0.5,3/4,4,34,0
C5,0.5,3/4,4,34,0
G5,0.5,3/4,4,34,0
F5,0.5,3/4,4,34,0
E5,0.5,3/4,4,34,0
B笙ｭ4,0.5,3/4,4,34,0
A4,0.25,3/4,4,35,0
G4,0.25,3/4,4,35,0
F4,0.25,3/4,4,35,0
G4,0.25,3/4,4,35,0
A4,0.25,3/4,4,35,0
B笙ｭ4,0.25,3/4,4,35,0
C5,0.25,3/4,4,35,0
D5,0.25,3/4,4,35,0
E笙ｭ5,1.0,3/4,4,35,0
D5,0.5,3/4,4,36,0
B笙ｭ4,0.5,3/4,4,36,0
E笙ｭ5,0.5,3/4,4,36,0
G4,0.5,3/4,4,36,0
F5,0.5,3/4,4,36,0
D4,0.5,3/4,4,36,0
G5,0.5,3/4,4,37,0
E笙ｭ4,0.5,3/4,4,37,0
F5,0.5,3/4,4,37,0
D4,0.5,3/4,4,37,0
G5,0.5,3/4,4,37,0
E笙ｭ4,0.5,3/4,4,37,0
F5,0.5,3/4,4,38,0
D5,0.5,3/4,4,38,0
G5,0.5,3/4,4,38,0
E笙ｭ4,0.5,3/4,4,38,0
A5,0.5,3/4,4,38,0
F4,0.5,3/4,4,38,0
B笙ｭ5,0.5,3/4,4,39,0
G4,0.5,3/4,4,39,0
A5,0.5,3/4,4,39,0
F4,0.5,3/4,4,39,0
B笙ｭ5,0.5,3/4,4,39,0
G4,0.5,3/4,4,39,0
C5,0.5,3/4,4,40,0
E笙ｭ5,0.25,3/4,4,40,0
F5,0.25,3/4,4,40,0
G5,0.5,3/4,4,40,0
E笙ｭ5,0.5,3/4,4,40,0
D5,0.5,3/4,4,40,0
E笙ｭ5,0.5,3/4,4,40,0
B笙ｭ4,0.5,3/4,4,41,0
E笙ｭ5,0.25,3/4,4,41,0
F5,0.25,3/4,4,41,0
G5,0.5,3/4,4,41,0
E笙ｭ5,0.5,3/4,4,41,0
D5,0.5,3/4,4,41,0
E笙ｭ5,0.5,3/4,4,41,0
A4,0.5,3/4,4,42,0
E笙ｭ5,0.25,3/4,4,42,0
F5,0.25,3/4,4,42,0
G5,0.5,3/4,4,42,0
E笙ｭ5,0.5,3/4,4,42,0
D5,0.5,3/4,4,42,0
E笙ｭ5,0.5,3/4,4,42,0
F4,0.5,3/4,4,43,0
A4,0.5,3/4,4,43,0
C5,0.5,3/4,4,43,0
E5,1.0,3/4,4,43,0
F5,0.5,3/4,4,43,0
D5,0.5,3/4,4,44,0
F5,0.5,3/4,4,44,0
B笙ｭ5,0.5,3/4,4,44,0
D5,0.5,3/4,4,44,0
C5,0.5,3/4,4,44,0
A5,0.5,3/4,4,44,0
B笙ｭ4,0.5,3/4,4,45,0
D5,0.5,3/4,4,45,0
G5,0.5,3/4,4,45,0
B笙ｭ4,0.5,3/4,4,45,0
A4,0.5,3/4,4,45,0
F5,0.5,3/4,4,45,0
G4,0.5,3/4,4,46,0
B笙ｭ4,0.5,3/4,4,46,0
E笙ｭ5,0.5,3/4,4,46,0
G4,0.5,3/4,4,46,0
F4,0.5,3/4,4,46,0
D5,0.5,3/4,4,46,0
E笙ｭ4,0.5,3/4,4,47,0
G4,0.5,3/4,4,47,0
C5,0.5,3/4,4,47,0
E笙ｭ4,0.5,3/4,4,47,0
D4,0.5,3/4,4,47,0
B笙ｭ4,0.5,3/4,4,47,0
E笙ｭ4,0.5,3/4,4,48,0
G5,0.5,3/4,4,48,0
F5,0.5,3/4,4,48,0
B笙ｭ4,0.5,3/4,4,48,0
F4,0.5,3/4,4,48,0
A5,0.5,3/4,4,48,0
G4,0.5,3/4,4,49,0
A5,0.5,3/4,4,49,0
B笙ｭ5,0.5,3/4,4,49,0
G5,0.5,3/4,4,49,0
A4,0.5,3/4,4,49,0
C6,0.5,3/4,4,49,0
B笙ｭ4,0.5,3/4,4,50,0
D6,0.25,3/4,4,50,0
C6,0.25,3/4,4,50,0
D6,0.5,3/4,4,50,0
B笙ｭ4,0.5,3/4,4,50,0
F4,0.5,3/4,4,50,0
A5,0.5,3/4,4,50,0
G4,0.5,3/4,4,51,0
B笙ｭ5,0.25,3/4,4,51,0
A5,0.25,3/4,4,51,0
B笙ｭ5,1.0,3/4,4,51,0
0,1.0,3/4,4,51,0
E笙ｭ4,0.5,3/4,4,52,0
C5,0.5,3/4,4,52,0
B4,0.5,3/4,4,52,0
C5,0.5,3/4,4,52,0
G5,0.5,3/4,4,52,0
C5,0.5,3/4,4,52,0
D4,0.5,3/4,4,53,0
F笙ｯ4,0.25,3/4,4,53,0
A4,0.25,3/4,4,53,0
D4,0.5,3/4,4,53,0
G4,0.25,3/4,4,53,0
B笙ｭ4,0.25,3/4,4,53,0
D4,0.5,3/4,4,53,0
A4,0.25,3/4,4,53,0
C5,0.25,3/4,4,53,0
D4,0.5,3/4,4,54,0
B笙ｭ4,0.25,3/4,4,54,0
D5,0.25,3/4,4,54,0
D4,0.5,3/4,4,54,0
A4,0.25,3/4,4,54,0
C5,0.25,3/4,4,54,0
D4,0.5,3/4,4,54,0
G4,0.25,3/4,4,54,0
B笙ｭ4,0.25,3/4,4,54,0
D4,0.5,3/4,4,55,0
F笙ｯ4,0.25,3/4,4,55,0
A4,0.25,3/4,4,55,0
D4,1.0,3/4,4,55,0
0,1.0,3/4,4,55,0
0,0,0,x,x,.
F笙ｯ4,0.25,4/4,5,56,0
A4,0.25,4/4,5,56,0
C5,0.25,4/4,5,56,0
E笙ｭ5,0.25,4/4,5,56,0
E笙ｭ5,0.0,4/4,5,56,0
D5,0.75,4/4,5,56,0
C5,0.25,4/4,5,56,0
G4,0.25,4/4,5,56,0
B笙ｭ4,0.25,4/4,5,56,0
D5,0.25,4/4,5,56,0
G5,0.25,4/4,5,56,0
0,0.5,4/4,5,56,0
F4,0.5,4/4,5,56,0
E4,0.25,4/4,5,57,0
G4,0.25,4/4,5,57,0
B笙ｭ4,0.25,4/4,5,57,0
D5,0.25,4/4,5,57,0
C5,0.25,4/4,5,57,0
G5,0.5,4/4,5,57,0
B笙ｭ4,0.25,4/4,5,57,0
F4,0.25,4/4,5,57,0
A4,0.25,4/4,5,57,0
C5,0.25,4/4,5,57,0
F5,0.25,4/4,5,57,0
0,1.0,4/4,5,57,0
F4,0.25,4/4,5,58,0
B笙ｭ4,0.25,4/4,5,58,0
D5,0.25,4/4,5,58,0
F5,0.25,4/4,5,58,0
0,1.0,4/4,5,58,0
F4,0.25,4/4,5,58,0
A4,0.25,4/4,5,58,0
C5,0.25,4/4,5,58,0
F5,0.25,4/4,5,58,0
E4,0.25,4/4,5,58,0
G4,0.25,4/4,5,58,0
C5,0.25,4/4,5,58,0
G5,0.25,4/4,5,58,0
F4,0.25,4/4,5,59,0
A5,0.25,4/4,5,59,0
D5,0.25,4/4,5,59,0
B笙ｭ5,0.25,4/4,5,59,0
C5,0.25,4/4,5,59,0
A5,0.25,4/4,5,59,0
B笙ｭ4,0.25,4/4,5,59,0
G5,0.25,4/4,5,59,0
A4,0.25,4/4,5,59,0
F5,0.25,4/4,5,59,0
B笙ｭ4,0.25,4/4,5,59,0
D6,0.25,4/4,5,59,0
A4,0.25,4/4,5,59,0
C6,0.25,4/4,5,59,0
G4,0.25,4/4,5,59,0
B笙ｭ5,0.25,4/4,5,59,0
F4,0.25,4/4,5,60,0
A5,0.25,4/4,5,60,0
D5,0.25,4/4,5,60,0
B笙ｭ5,0.25,4/4,5,60,0
C5,0.25,4/4,5,60,0
A5,0.25,4/4,5,60,0
B笙ｭ4,0.25,4/4,5,60,0
G5,0.25,4/4,5,60,0
A4,0.25,4/4,5,60,0
G5,0.25,4/4,5,60,0
F5,0.25,4/4,5,60,0
C6,0.25,4/4,5,60,0
G4,0.25,4/4,5,60,0
F5,0.25,4/4,5,60,0
E5,0.25,4/4,5,60,0
B笙ｭ5,0.25,4/4,5,60,0
F4,0.25,4/4,5,61,0
A4,0.25,4/4,5,61,0
C5,0.25,4/4,5,61,0
F5,0.25,4/4,5,61,0
F4,0.25,4/4,5,61,0
D5,0.25,4/4,5,61,0
F5,0.25,4/4,5,61,0
B笙ｭ5,0.25,4/4,5,61,0
F4,0.25,4/4,5,61,0
A4,0.25,4/4,5,61,0
C5,0.25,4/4,5,61,0
F5,0.25,4/4,5,61,0
0,1.0,4/4,5,61,0
0,0,0,x,x,.
F5,0.25,3/4,6,62,0
E笙ｭ5,0.25,3/4,6,62,0
D5,0.25,3/4,6,62,0
C5,0.25,3/4,6,62,0
B笙ｭ4,0.5,3/4,6,62,0
D4,0.5,3/4,6,62,0
E笙ｭ4,0.5,3/4,6,62,0
D4,0.5,3/4,6,62,0
F5,0.25,3/4,6,63,0
E笙ｭ5,0.25,3/4,6,63,0
D5,0.25,3/4,6,63,0
C5,0.25,3/4,6,63,0
B笙ｭ4,0.5,3/4,6,63,0
D4,0.5,3/4,6,63,0
E笙ｭ4,0.5,3/4,6,63,0
D4,0.5,3/4,6,63,0
B笙ｭ5,0.25,3/4,6,64,0
A5,0.25,3/4,6,64,0
G5,0.25,3/4,6,64,0
F5,0.25,3/4,6,64,0
E笙ｭ5,0.25,3/4,6,64,0
D5,0.25,3/4,6,64,0
E笙ｭ5,0.25,3/4,6,64,0
F5,0.25,3/4,6,64,0
G5,0.25,3/4,6,64,0
F5,0.25,3/4,6,64,0
E笙ｭ5,0.25,3/4,6,64,0
D5,0.25,3/4,6,64,0
C5,0.25,3/4,6,65,0
B4,0.25,3/4,6,65,0
C5,0.25,3/4,6,65,0
D5,0.25,3/4,6,65,0
E笙ｭ5,0.25,3/4,6,65,0
D5,0.25,3/4,6,65,0
C5,0.25,3/4,6,65,0
B笙ｭ4,0.25,3/4,6,65,0
A4,0.25,3/4,6,65,0
G4,0.25,3/4,6,65,0
F4,0.25,3/4,6,65,0
E笙ｭ4,0.25,3/4,6,65,0
D4,0.5,3/4,6,66,0
F5,0.5,3/4,6,66,0
E笙ｭ4,0.5,3/4,6,66,0
B笙ｭ4,0.5,3/4,6,66,0
F4,0.5,3/4,6,66,0
A4,0.5,3/4,6,66,0
G4,0.5,3/4,6,67,0
G5,0.25,3/4,6,67,0
A5,0.25,3/4,6,67,0
B笙ｭ5,0.5,3/4,6,67,0
F4,0.5,3/4,6,67,0
E笙ｭ4,0.5,3/4,6,67,0
G5,0.5,3/4,6,67,0
D4,0.5,3/4,6,68,0
F5,0.5,3/4,6,68,0
E笙ｭ4,0.5,3/4,6,68,0
B笙ｭ4,0.5,3/4,6,68,0
F4,0.5,3/4,6,68,0
A5,0.5,3/4,6,68,0
B笙ｭ5,0.5,3/4,6,69,0
F5,0.5,3/4,6,69,0
B笙ｭ4,1.0,3/4,6,69,0
0,1.0,3/4,6,69,0
0,0,0,x,x,.
D5,1.0,4/4,7,70,0
G5,0.5,4/4,7,71,0
A5,0.5,4/4,7,71,0
B笙ｭ5,1.0,4/4,7,71,0
A5,1.0,4/4,7,71,0
G5,1.0,4/4,7,71,0
F笙ｯ5,1.0,4/4,7,72,0
G5,1.0,4/4,7,72,0
D5,1.0,4/4,7,72,0
G5,1.0,4/4,7,72,0
D6,1.0,4/4,7,73,0
G5,1.0,4/4,7,73,0
F笙ｯ5,1.0,4/4,7,73,0
G5,1.0,4/4,7,73,0
A5,0.5,4/4,7,74,0
G5,0.5,4/4,7,74,0
A5,0.5,4/4,7,74,0
B笙ｭ5,0.5,4/4,7,74,0
A5,1.0,4/4,7,74,0
D5,1.0,4/4,7,74,0
G5,0.5,4/4,7,75,0
A5,0.5,4/4,7,75,0
B笙ｭ5,1.0,4/4,7,75,0
A5,1.0,4/4,7,75,0
G5,1.0,4/4,7,75,0
F笙ｯ5,1.0,4/4,7,76,0
G5,1.0,4/4,7,76,0
D5,1.0,4/4,7,76,0
G5,1.0,4/4,7,76,0
D6,1.0,4/4,7,77,0
G5,1.0,4/4,7,77,0
F笙ｯ5,1.0,4/4,7,77,0
G5,1.0,4/4,7,77,0
D5,0.5,4/4,7,78,0
F笙ｯ5,0.5,4/4,7,78,0
A5,2.0,4/4,7,78,0
D5,1.0,4/4,7,70,1
G5,0.5,4/4,7,71,1
A5,0.5,4/4,7,71,1
B笙ｭ5,1.0,4/4,7,71,1
A5,1.0,4/4,7,71,1
G5,1.0,4/4,7,71,1
F笙ｯ5,1.0,4/4,7,72,1
G5,1.0,4/4,7,72,1
D5,1.0,4/4,7,72,1
G5,1.0,4/4,7,72,1
D6,1.0,4/4,7,73,1
G5,1.0,4/4,7,73,1
F笙ｯ5,1.0,4/4,7,73,1
G5,1.0,4/4,7,73,1
A5,0.5,4/4,7,74,1
G5,0.5,4/4,7,74,1
A5,0.5,4/4,7,74,1
B笙ｭ5,0.5,4/4,7,74,1
A5,1.0,4/4,7,74,1
D5,1.0,4/4,7,74,1
G5,0.5,4/4,7,75,1
A5,0.5,4/4,7,75,1
B笙ｭ5,1.0,4/4,7,75,1
A5,1.0,4/4,7,75,1
G5,1.0,4/4,7,75,1
F笙ｯ5,1.0,4/4,7,76,1
G5,1.0,4/4,7,76,1
D5,1.0,4/4,7,76,1
G5,1.0,4/4,7,76,1
D6,1.0,4/4,7,77,1
G5,1.0,4/4,7,77,1
F笙ｯ5,1.0,4/4,7,77,1
G5,1.0,4/4,7,77,1
D5,0.5,4/4,7,78,1
F笙ｯ5,0.5,4/4,7,78,1
A5,2.0,4/4,7,78,1
D6,0.5,4/4,7,79,0
C笙ｯ6,0.5,4/4,7,79,0
D6,1.0,4/4,7,80,0
C6,0.5,4/4,7,80,0
B5,0.5,4/4,7,80,0
C6,1.0,4/4,7,80,0
B笙ｭ5,0.5,4/4,7,80,0
A5,0.5,4/4,7,80,0
B笙ｭ5,1.0,4/4,7,81,0
A5,0.5,4/4,7,81,0
G5,0.5,4/4,7,81,0
A5,1.0,4/4,7,81,0
A5,0.5,4/4,7,81,0
C6,0.5,4/4,7,81,0
B笙ｭ5,1.0,4/4,7,82,0
A5,1.0,4/4,7,82,0
G5,1.0,4/4,7,82,0
A5,0.5,4/4,7,82,0
F笙ｯ5,0.5,4/4,7,82,0
G5,2.0,4/4,7,83,0
D5,1.0,4/4,7,83,0
D6,0.5,4/4,7,83,0
C笙ｯ6,0.5,4/4,7,83,0
D6,1.0,4/4,7,84,0
C6,0.5,4/4,7,84,0
B5,0.5,4/4,7,84,0
C6,1.0,4/4,7,84,0
B笙ｭ5,0.5,4/4,7,84,0
A5,0.5,4/4,7,84,0
B笙ｭ5,1.0,4/4,7,85,0
A5,0.5,4/4,7,85,0
G5,0.5,4/4,7,85,0
A5,1.0,4/4,7,85,0
A5,0.5,4/4,7,85,0
C6,0.5,4/4,7,85,0
B笙ｭ5,1.0,4/4,7,86,0
A5,1.0,4/4,7,86,0
G5,1.0,4/4,7,86,0
A5,0.5,4/4,7,86,0
F笙ｯ5,0.5,4/4,7,86,0
G4,0.5,4/4,7,87,0
D5,0.5,4/4,7,87,0
G5,2.0,4/4,7,87,0
D6,0.5,4/4,7,79,1
C笙ｯ6,0.5,4/4,7,79,1
D6,1.0,4/4,7,80,1
C6,0.5,4/4,7,80,1
B5,0.5,4/4,7,80,1
C6,1.0,4/4,7,80,1
B笙ｭ5,0.5,4/4,7,80,1
A5,0.5,4/4,7,80,1
B笙ｭ5,1.0,4/4,7,81,1
A5,0.5,4/4,7,81,1
G5,0.5,4/4,7,81,1
A5,1.0,4/4,7,81,1
A5,0.5,4/4,7,81,1
C6,0.5,4/4,7,81,1
B笙ｭ5,1.0,4/4,7,82,1
A5,1.0,4/4,7,82,1
G5,1.0,4/4,7,82,1
A5,0.5,4/4,7,82,1
F笙ｯ5,0.5,4/4,7,82,1
G5,2.0,4/4,7,83,1
D5,1.0,4/4,7,83,1
D6,0.5,4/4,7,83,1
C笙ｯ6,0.5,4/4,7,83,1
D6,1.0,4/4,7,84,1
C6,0.5,4/4,7,84,1
B5,0.5,4/4,7,84,1
C6,1.0,4/4,7,84,1
B笙ｭ5,0.5,4/4,7,84,1
A5,0.5,4/4,7,84,1
B笙ｭ5,1.0,4/4,7,85,1
A5,0.5,4/4,7,85,1
G5,0.5,4/4,7,85,1
A5,1.0,4/4,7,85,1
A5,0.5,4/4,7,85,1
C6,0.5,4/4,7,85,1
B笙ｭ5,1.0,4/4,7,86,1
A5,1.0,4/4,7,86,1
G5,1.0,4/4,7,86,1
A5,0.5,4/4,7,86,1
F笙ｯ5,0.5,4/4,7,86,1
G4,0.5,4/4,7,87,1
D5,0.5,4/4,7,87,1
G5,2.0,4/4,7,87,1
B4,0.5,4/4,7,88,0
C5,0.5,4/4,7,88,0
D5,1.5,4/4,7,89,0
E5,0.5,4/4,7,89,0
D5,1.5,4/4,7,89,0
E5,0.5,4/4,7,89,0
D5,3.0,4/4,7,90,0
G5,1.0,4/4,7,90,0
D5,0.5,4/4,7,91,0
E5,0.5,4/4,7,91,0
D5,0.5,4/4,7,91,0
G5,0.5,4/4,7,91,0
D5,0.5,4/4,7,91,0
E5,0.5,4/4,7,91,0
D5,0.5,4/4,7,91,0
B5,0.5,4/4,7,91,0
D5,1.0,4/4,7,92,0
G5,1.0,4/4,7,92,0
0,1.0,4/4,7,92,0
G4,0.5,4/4,7,92,0
A4,0.5,4/4,7,92,0
B4,1.5,4/4,7,93,0
C5,0.5,4/4,7,93,0
B4,1.5,4/4,7,93,0
C5,0.5,4/4,7,93,0
B4,3.0,4/4,7,94,0
E5,1.0,4/4,7,94,0
B4,0.5,4/4,7,95,0
C5,0.5,4/4,7,95,0
B4,0.5,4/4,7,95,0
E5,0.5,4/4,7,95,0
B4,0.5,4/4,7,95,0
C5,0.5,4/4,7,95,0
B4,0.5,4/4,7,95,0
G5,0.5,4/4,7,95,0
B4,1.0,4/4,7,96,0
E5,1.0,4/4,7,96,0
0,1.0,4/4,7,96,0
C笙ｯ5,0.5,4/4,7,96,0
D5,0.5,4/4,7,96,0
E5,0.5,4/4,7,97,0
E5,0.5,4/4,7,97,0
E5,0.5,4/4,7,97,0
E5,0.5,4/4,7,97,0
E5,0.5,4/4,7,97,0
E5,0.5,4/4,7,97,0
E5,0.5,4/4,7,97,0
E5,0.5,4/4,7,97,0
E5,0.75,4/4,7,98,0
F笙ｯ5,0.25,4/4,7,98,0
E5,0.5,4/4,7,98,0
E5,0.5,4/4,7,98,0
E5,0.75,4/4,7,98,0
F笙ｯ5,0.25,4/4,7,98,0
E5,0.5,4/4,7,98,0
E5,0.5,4/4,7,98,0
E5,0.5,4/4,7,99,0
C笙ｯ5,0.5,4/4,7,99,0
E5,0.5,4/4,7,99,0
A5,0.5,4/4,7,99,0
E5,0.5,4/4,7,99,0
C笙ｯ5,0.5,4/4,7,99,0
E5,0.5,4/4,7,99,0
A5,0.5,4/4,7,99,0
E5,0.5,4/4,7,100,0
C笙ｯ5,0.5,4/4,7,100,0
E5,0.5,4/4,7,100,0
A5,0.5,4/4,7,100,0
0,1.0,4/4,7,100,0
F笙ｯ5,0.5,4/4,7,100,0
G5,0.5,4/4,7,100,0
A5,0.5,4/4,7,101,0
A5,0.5,4/4,7,101,0
A5,0.5,4/4,7,101,0
A5,0.5,4/4,7,101,0
A5,0.5,4/4,7,101,0
A5,0.5,4/4,7,101,0
A5,0.5,4/4,7,101,0
A5,0.5,4/4,7,101,0
A5,0.75,4/4,7,102,0
B5,0.25,4/4,7,102,0
A5,0.5,4/4,7,102,0
A5,0.5,4/4,7,102,0
A5,0.75,4/4,7,102,0
B5,0.25,4/4,7,102,0
A5,0.5,4/4,7,102,0
A5,0.5,4/4,7,102,0
A5,0.5,4/4,7,103,0
F笙ｯ5,0.5,4/4,7,103,0
A5,0.5,4/4,7,103,0
D6,0.5,4/4,7,103,0
A5,0.5,4/4,7,103,0
F笙ｯ5,0.5,4/4,7,103,0
A5,0.5,4/4,7,103,0
D6,0.5,4/4,7,103,0
A5,0.5,4/4,7,104,0
F笙ｯ5,0.5,4/4,7,104,0
A5,0.5,4/4,7,104,0
D6,0.5,4/4,7,104,0
0,1.0,4/4,7,104,0
C笙ｯ6,0.5,4/4,7,104,0
B5,0.5,4/4,7,104,0
A5,0.5,4/4,7,105,0
D6,0.5,4/4,7,105,0
C笙ｯ6,0.5,4/4,7,105,0
B5,0.5,4/4,7,105,0
A5,0.5,4/4,7,105,0
G5,0.5,4/4,7,105,0
F笙ｯ5,0.5,4/4,7,105,0
E5,0.5,4/4,7,105,0
D5,1.5,4/4,7,106,0
E5,0.5,4/4,7,106,0
E5,1.5,4/4,7,106,0
D5,0.5,4/4,7,106,0
D5,0.5,4/4,7,107,0
F笙ｯ5,0.5,4/4,7,107,0
D5,0.5,4/4,7,107,0
F笙ｯ5,0.5,4/4,7,107,0
A4,0.5,4/4,7,107,0
D5,0.5,4/4,7,107,0
F笙ｯ4,0.5,4/4,7,107,0
A4,0.5,4/4,7,107,0
D4,3.0,4/4,7,108,0
B4,0.5,4/4,7,88,1
C5,0.5,4/4,7,88,1
D5,1.5,4/4,7,89,1
E5,0.5,4/4,7,89,1
D5,1.5,4/4,7,89,1
E5,0.5,4/4,7,89,1
D5,3.0,4/4,7,90,1
G5,1.0,4/4,7,90,1
D5,0.5,4/4,7,91,1
E5,0.5,4/4,7,91,1
D5,0.5,4/4,7,91,1
G5,0.5,4/4,7,91,1
D5,0.5,4/4,7,91,1
E5,0.5,4/4,7,91,1
D5,0.5,4/4,7,91,1
B5,0.5,4/4,7,91,1
D5,1.0,4/4,7,92,1
G5,1.0,4/4,7,92,1
0,1.0,4/4,7,92,1
G4,0.5,4/4,7,92,1
A4,0.5,4/4,7,92,1
B4,1.5,4/4,7,93,1
C5,0.5,4/4,7,93,1
B4,1.5,4/4,7,93,1
C5,0.5,4/4,7,93,1
B4,3.0,4/4,7,94,1
E5,1.0,4/4,7,94,1
B4,0.5,4/4,7,95,1
C5,0.5,4/4,7,95,1
B4,0.5,4/4,7,95,1
E5,0.5,4/4,7,95,1
B4,0.5,4/4,7,95,1
C5,0.5,4/4,7,95,1
B4,0.5,4/4,7,95,1
G5,0.5,4/4,7,95,1
B4,1.0,4/4,7,96,1
E5,1.0,4/4,7,96,1
0,1.0,4/4,7,96,1
C笙ｯ5,0.5,4/4,7,96,1
D5,0.5,4/4,7,96,1
E5,0.5,4/4,7,97,1
E5,0.5,4/4,7,97,1
E5,0.5,4/4,7,97,1
E5,0.5,4/4,7,97,1
E5,0.5,4/4,7,97,1
E5,0.5,4/4,7,97,1
E5,0.5,4/4,7,97,1
E5,0.5,4/4,7,97,1
E5,0.75,4/4,7,98,1
F笙ｯ5,0.25,4/4,7,98,1
E5,0.5,4/4,7,98,1
E5,0.5,4/4,7,98,1
E5,0.75,4/4,7,98,1
F笙ｯ5,0.25,4/4,7,98,1
E5,0.5,4/4,7,98,1
E5,0.5,4/4,7,98,1
E5,0.5,4/4,7,99,1
C笙ｯ5,0.5,4/4,7,99,1
E5,0.5,4/4,7,99,1
A5,0.5,4/4,7,99,1
E5,0.5,4/4,7,99,1
C笙ｯ5,0.5,4/4,7,99,1
E5,0.5,4/4,7,99,1
A5,0.5,4/4,7,99,1
E5,0.5,4/4,7,100,1
C笙ｯ5,0.5,4/4,7,100,1
E5,0.5,4/4,7,100,1
A5,0.5,4/4,7,100,1
0,1.0,4/4,7,100,1
F笙ｯ5,0.5,4/4,7,100,1
G5,0.5,4/4,7,100,1
A5,0.5,4/4,7,101,1
A5,0.5,4/4,7,101,1
A5,0.5,4/4,7,101,1
A5,0.5,4/4,7,101,1
A5,0.5,4/4,7,101,1
A5,0.5,4/4,7,101,1
A5,0.5,4/4,7,101,1
A5,0.5,4/4,7,101,1
A5,0.75,4/4,7,102,1
B5,0.25,4/4,7,102,1
A5,0.5,4/4,7,102,1
A5,0.5,4/4,7,102,1
A5,0.75,4/4,7,102,1
B5,0.25,4/4,7,102,1
A5,0.5,4/4,7,102,1
A5,0.5,4/4,7,102,1
A5,0.5,4/4,7,103,1
F笙ｯ5,0.5,4/4,7,103,1
A5,0.5,4/4,7,103,1
D6,0.5,4/4,7,103,1
A5,0.5,4/4,7,103,1
F笙ｯ5,0.5,4/4,7,103,1
A5,0.5,4/4,7,103,1
D6,0.5,4/4,7,103,1
A5,0.5,4/4,7,104,1
F笙ｯ5,0.5,4/4,7,104,1
A5,0.5,4/4,7,104,1
D6,0.5,4/4,7,104,1
0,1.0,4/4,7,104,1
C笙ｯ6,0.5,4/4,7,104,1
B5,0.5,4/4,7,104,1
A5,0.5,4/4,7,105,1
D6,0.5,4/4,7,105,1
C笙ｯ6,0.5,4/4,7,105,1
B5,0.5,4/4,7,105,1
A5,0.5,4/4,7,105,1
G5,0.5,4/4,7,105,1
F笙ｯ5,0.5,4/4,7,105,1
E5,0.5,4/4,7,105,1
D5,1.5,4/4,7,106,1
E5,0.5,4/4,7,106,1
E5,1.5,4/4,7,106,1
D5,0.5,4/4,7,106,1
D5,0.5,4/4,7,107,1
F笙ｯ5,0.5,4/4,7,107,1
D5,0.5,4/4,7,107,1
F笙ｯ5,0.5,4/4,7,107,1
A4,0.5,4/4,7,107,1
D5,0.5,4/4,7,107,1
F笙ｯ4,0.5,4/4,7,107,1
A4,0.5,4/4,7,107,1
D4,3.0,4/4,7,108,1
F笙ｯ5,0.5,4/4,7,109,0
G5,0.5,4/4,7,109,0
A5,1.5,4/4,7,110,0
B5,0.5,4/4,7,110,0
A5,1.5,4/4,7,110,0
B5,0.5,4/4,7,110,0
A5,3.0,4/4,7,111,0
F笙ｯ5,0.5,4/4,7,111,0
G5,0.5,4/4,7,111,0
A5,0.5,4/4,7,112,0
F笙ｯ5,0.5,4/4,7,112,0
E5,0.5,4/4,7,112,0
D5,0.5,4/4,7,112,0
B5,0.5,4/4,7,112,0
G5,0.5,4/4,7,112,0
F笙ｯ5,0.5,4/4,7,112,0
E5,0.5,4/4,7,112,0
A5,0.5,4/4,7,113,0
F笙ｯ5,0.5,4/4,7,113,0
D5,1.0,4/4,7,113,0
0,1.0,4/4,7,113,0
E5,0.5,4/4,7,113,0
F笙ｯ5,0.5,4/4,7,113,0
G5,1.5,4/4,7,114,0
A5,0.5,4/4,7,114,0
G5,1.5,4/4,7,114,0
A5,0.5,4/4,7,114,0
G5,3.0,4/4,7,115,0
B4,0.5,4/4,7,115,0
C5,0.5,4/4,7,115,0
D5,0.5,4/4,7,116,0
B4,0.5,4/4,7,116,0
A4,0.5,4/4,7,116,0
G4,0.5,4/4,7,116,0
E5,0.5,4/4,7,116,0
C5,0.5,4/4,7,116,0
B4,0.5,4/4,7,116,0
A4,0.5,4/4,7,116,0
D5,0.5,4/4,7,117,0
B4,0.5,4/4,7,117,0
G4,1.0,4/4,7,117,0
0,1.0,4/4,7,117,0
A4,0.5,4/4,7,117,0
B4,0.5,4/4,7,117,0
C5,1.0,4/4,7,118,0
C6,1.0,4/4,7,118,0
C6,1.0,4/4,7,118,0
C6,1.0,4/4,7,118,0
E5,0.5,4/4,7,119,0
C6,0.5,4/4,7,119,0
C6,0.5,4/4,7,119,0
C6,0.5,4/4,7,119,0
C6,0.5,4/4,7,119,0
C6,0.5,4/4,7,119,0
C6,0.5,4/4,7,119,0
C6,0.5,4/4,7,119,0
F笙ｯ5,1.0,4/4,7,120,0
C6,1.0,4/4,7,120,0
C6,1.0,4/4,7,120,0
C6,1.0,4/4,7,120,0
G4,0.5,4/4,7,121,0
B5,0.5,4/4,7,121,0
B5,0.5,4/4,7,121,0
B5,0.5,4/4,7,121,0
B5,0.5,4/4,7,121,0
B5,0.5,4/4,7,121,0
B5,0.5,4/4,7,121,0
B5,0.5,4/4,7,121,0
C5,1.0,4/4,7,122,0
B5,1.0,4/4,7,122,0
B5,1.0,4/4,7,122,0
B5,1.0,4/4,7,122,0
C笙ｯ5,1.0,4/4,7,123,0
B5,0.5,4/4,7,123,0
G5,0.5,4/4,7,123,0
A5,0.5,4/4,7,123,0
F笙ｯ5,0.5,4/4,7,123,0
G5,0.5,4/4,7,123,0
E5,0.5,4/4,7,123,0
F笙ｯ5,0.5,4/4,7,124,0
D5,0.5,4/4,7,124,0
G5,0.5,4/4,7,124,0
E5,0.5,4/4,7,124,0
F笙ｯ5,0.5,4/4,7,124,0
D5,0.5,4/4,7,124,0
G5,0.5,4/4,7,124,0
E5,0.5,4/4,7,124,0
F笙ｯ5,0.5,4/4,7,125,0
D5,0.5,4/4,7,125,0
A5,1.0,4/4,7,125,0
0,1.0,4/4,7,125,0
C5,1.0,4/4,7,125,0
B4,0.5,4/4,7,126,0
G4,0.5,4/4,7,126,0
A4,0.5,4/4,7,126,0
B4,0.5,4/4,7,126,0
C5,0.5,4/4,7,126,0
D5,0.5,4/4,7,126,0
E5,0.5,4/4,7,126,0
F笙ｯ5,0.5,4/4,7,126,0
G5,1.5,4/4,7,127,0
A5,0.5,4/4,7,127,0
A5,1.5,4/4,7,127,0
G5,0.5,4/4,7,127,0
G5,0.5,4/4,7,128,0
B5,0.5,4/4,7,128,0
G5,0.5,4/4,7,128,0
B5,0.5,4/4,7,128,0
D5,0.5,4/4,7,128,0
G5,0.5,4/4,7,128,0
B4,0.5,4/4,7,128,0
D5,0.5,4/4,7,128,0
G4,3.0,4/4,7,129,0
F笙ｯ5,0.5,4/4,7,109,1
G5,0.5,4/4,7,109,1
A5,1.5,4/4,7,110,1
B5,0.5,4/4,7,110,1
A5,1.5,4/4,7,110,1
B5,0.5,4/4,7,110,1
A5,3.0,4/4,7,111,1
F笙ｯ5,0.5,4/4,7,111,1
G5,0.5,4/4,7,111,1
A5,0.5,4/4,7,112,1
F笙ｯ5,0.5,4/4,7,112,1
E5,0.5,4/4,7,112,1
D5,0.5,4/4,7,112,1
B5,0.5,4/4,7,112,1
G5,0.5,4/4,7,112,1
F笙ｯ5,0.5,4/4,7,112,1
E5,0.5,4/4,7,112,1
A5,0.5,4/4,7,113,1
F笙ｯ5,0.5,4/4,7,113,1
D5,1.0,4/4,7,113,1
0,1.0,4/4,7,113,1
E5,0.5,4/4,7,113,1
F笙ｯ5,0.5,4/4,7,113,1
G5,1.5,4/4,7,114,1
A5,0.5,4/4,7,114,1
G5,1.5,4/4,7,114,1
A5,0.5,4/4,7,114,1
G5,3.0,4/4,7,115,1
B4,0.5,4/4,7,115,1
C5,0.5,4/4,7,115,1
D5,0.5,4/4,7,116,1
B4,0.5,4/4,7,116,1
A4,0.5,4/4,7,116,1
G4,0.5,4/4,7,116,1
E5,0.5,4/4,7,116,1
C5,0.5,4/4,7,116,1
B4,0.5,4/4,7,116,1
A4,0.5,4/4,7,116,1
D5,0.5,4/4,7,117,1
B4,0.5,4/4,7,117,1
G4,1.0,4/4,7,117,1
0,1.0,4/4,7,117,1
A4,0.5,4/4,7,117,1
B4,0.5,4/4,7,117,1
C5,1.0,4/4,7,118,1
C6,1.0,4/4,7,118,1
C6,1.0,4/4,7,118,1
C6,1.0,4/4,7,118,1
E5,0.5,4/4,7,119,1
C6,0.5,4/4,7,119,1
C6,0.5,4/4,7,119,1
C6,0.5,4/4,7,119,1
C6,0.5,4/4,7,119,1
C6,0.5,4/4,7,119,1
C6,0.5,4/4,7,119,1
C6,0.5,4/4,7,119,1
F笙ｯ5,1.0,4/4,7,120,1
C6,1.0,4/4,7,120,1
C6,1.0,4/4,7,120,1
C6,1.0,4/4,7,120,1
G4,0.5,4/4,7,121,1
B5,0.5,4/4,7,121,1
B5,0.5,4/4,7,121,1
B5,0.5,4/4,7,121,1
B5,0.5,4/4,7,121,1
B5,0.5,4/4,7,121,1
B5,0.5,4/4,7,121,1
B5,0.5,4/4,7,121,1
C5,1.0,4/4,7,122,1
B5,1.0,4/4,7,122,1
B5,1.0,4/4,7,122,1
B5,1.0,4/4,7,122,1
C笙ｯ5,1.0,4/4,7,123,1
B5,0.5,4/4,7,123,1
G5,0.5,4/4,7,123,1
A5,0.5,4/4,7,123,1
F笙ｯ5,0.5,4/4,7,123,1
G5,0.5,4/4,7,123,1
E5,0.5,4/4,7,123,1
F笙ｯ5,0.5,4/4,7,124,1
D5,0.5,4/4,7,124,1
G5,0.5,4/4,7,124,1
E5,0.5,4/4,7,124,1
F笙ｯ5,0.5,4/4,7,124,1
D5,0.5,4/4,7,124,1
G5,0.5,4/4,7,124,1
E5,0.5,4/4,7,124,1
F笙ｯ5,0.5,4/4,7,125,1
D5,0.5,4/4,7,125,1
A5,1.0,4/4,7,125,1
0,1.0,4/4,7,125,1
C5,1.0,4/4,7,125,1
B4,0.5,4/4,7,126,1
G4,0.5,4/4,7,126,1
A4,0.5,4/4,7,126,1
B4,0.5,4/4,7,126,1
C5,0.5,4/4,7,126,1
D5,0.5,4/4,7,126,1
E5,0.5,4/4,7,126,1
F笙ｯ5,0.5,4/4,7,126,1
G5,1.5,4/4,7,127,1
A5,0.5,4/4,7,127,1
A5,1.5,4/4,7,127,1
G5,0.5,4/4,7,127,1
G5,0.5,4/4,7,128,1
B5,0.5,4/4,7,128,1
G5,0.5,4/4,7,128,1
B5,0.5,4/4,7,128,1
D5,0.5,4/4,7,128,1
G5,0.5,4/4,7,128,1
B4,0.5,4/4,7,128,1
D5,0.5,4/4,7,128,1
G4,3.0,4/4,7,129,1
D5,1.0,4/4,7,70,2
G5,0.5,4/4,7,71,2
A5,0.5,4/4,7,71,2
B笙ｭ5,1.0,4/4,7,71,2
A5,1.0,4/4,7,71,2
G5,1.0,4/4,7,71,2
F笙ｯ5,1.0,4/4,7,72,2
G5,1.0,4/4,7,72,2
D5,1.0,4/4,7,72,2
G5,1.0,4/4,7,72,2
D6,1.0,4/4,7,73,2
G5,1.0,4/4,7,73,2
F笙ｯ5,1.0,4/4,7,73,2
G5,1.0,4/4,7,73,2
A5,0.5,4/4,7,74,2
G5,0.5,4/4,7,74,2
A5,0.5,4/4,7,74,2
B笙ｭ5,0.5,4/4,7,74,2
A5,1.0,4/4,7,74,2
D5,1.0,4/4,7,74,2
G5,0.5,4/4,7,75,2
A5,0.5,4/4,7,75,2
B笙ｭ5,1.0,4/4,7,75,2
A5,1.0,4/4,7,75,2
G5,1.0,4/4,7,75,2
F笙ｯ5,1.0,4/4,7,76,2
G5,1.0,4/4,7,76,2
D5,1.0,4/4,7,76,2
G5,1.0,4/4,7,76,2
D6,1.0,4/4,7,77,2
G5,1.0,4/4,7,77,2
F笙ｯ5,1.0,4/4,7,77,2
G5,1.0,4/4,7,77,2
D5,0.5,4/4,7,78,2
F笙ｯ5,0.5,4/4,7,78,2
A5,2.0,4/4,7,78,2
D5,1.0,4/4,7,70,3
G5,0.5,4/4,7,71,3
A5,0.5,4/4,7,71,3
B笙ｭ5,1.0,4/4,7,71,3
A5,1.0,4/4,7,71,3
G5,1.0,4/4,7,71,3
F笙ｯ5,1.0,4/4,7,72,3
G5,1.0,4/4,7,72,3
D5,1.0,4/4,7,72,3
G5,1.0,4/4,7,72,3
D6,1.0,4/4,7,73,3
G5,1.0,4/4,7,73,3
F笙ｯ5,1.0,4/4,7,73,3
G5,1.0,4/4,7,73,3
A5,0.5,4/4,7,74,3
G5,0.5,4/4,7,74,3
A5,0.5,4/4,7,74,3
B笙ｭ5,0.5,4/4,7,74,3
A5,1.0,4/4,7,74,3
D5,1.0,4/4,7,74,3
G5,0.5,4/4,7,75,3
A5,0.5,4/4,7,75,3
B笙ｭ5,1.0,4/4,7,75,3
A5,1.0,4/4,7,75,3
G5,1.0,4/4,7,75,3
F笙ｯ5,1.0,4/4,7,76,3
G5,1.0,4/4,7,76,3
D5,1.0,4/4,7,76,3
G5,1.0,4/4,7,76,3
D6,1.0,4/4,7,77,3
G5,1.0,4/4,7,77,3
F笙ｯ5,1.0,4/4,7,77,3
G5,1.0,4/4,7,77,3
D5,0.5,4/4,7,78,3
F笙ｯ5,0.5,4/4,7,78,3
A5,2.0,4/4,7,78,3
D6,0.5,4/4,7,79,2
C笙ｯ6,0.5,4/4,7,79,2
D6,1.0,4/4,7,80,2
C6,0.5,4/4,7,80,2
B5,0.5,4/4,7,80,2
C6,1.0,4/4,7,80,2
B笙ｭ5,0.5,4/4,7,80,2
A5,0.5,4/4,7,80,2
B笙ｭ5,1.0,4/4,7,81,2
A5,0.5,4/4,7,81,2
G5,0.5,4/4,7,81,2
A5,1.0,4/4,7,81,2
A5,0.5,4/4,7,81,2
C6,0.5,4/4,7,81,2
B笙ｭ5,1.0,4/4,7,82,2
A5,1.0,4/4,7,82,2
G5,1.0,4/4,7,82,2
A5,0.5,4/4,7,82,2
F笙ｯ5,0.5,4/4,7,82,2
G5,2.0,4/4,7,83,2
D5,1.0,4/4,7,83,2
D6,0.5,4/4,7,83,2
C笙ｯ6,0.5,4/4,7,83,2
D6,1.0,4/4,7,84,2
C6,0.5,4/4,7,84,2
B5,0.5,4/4,7,84,2
C6,1.0,4/4,7,84,2
B笙ｭ5,0.5,4/4,7,84,2
A5,0.5,4/4,7,84,2
B笙ｭ5,1.0,4/4,7,85,2
A5,0.5,4/4,7,85,2
G5,0.5,4/4,7,85,2
A5,1.0,4/4,7,85,2
A5,0.5,4/4,7,85,2
C6,0.5,4/4,7,85,2
B笙ｭ5,1.0,4/4,7,86,2
A5,1.0,4/4,7,86,2
G5,1.0,4/4,7,86,2
A5,0.5,4/4,7,86,2
F笙ｯ5,0.5,4/4,7,86,2
G4,0.5,4/4,7,87,2
D5,0.5,4/4,7,87,2
G5,2.0,4/4,7,87,2
D6,0.5,3/2,7,79,3
C笙ｯ6,0.5,3/2,7,79,3
D6,1.0,3/2,7,80,3
C6,0.5,3/2,7,80,3
B5,0.5,3/2,7,80,3
C6,1.0,3/2,7,80,3
B笙ｭ5,0.5,3/2,7,80,3
A5,0.5,3/2,7,80,3
B笙ｭ5,1.0,3/2,7,81,3
A5,0.5,3/2,7,81,3
G5,0.5,3/2,7,81,3
A5,1.0,3/2,7,81,3
A5,0.5,3/2,7,81,3
C6,0.5,3/2,7,81,3
B笙ｭ5,1.0,3/2,7,82,3
A5,1.0,3/4,7,82,3
G5,1.0,3/4,7,82,3
A5,0.5,3/4,7,82,3
F笙ｯ5,0.5,3/4,7,82,3
G5,2.0,3/4,7,83,3
D5,1.0,3/4,7,83,3
D6,0.5,3/4,7,83,3
C笙ｯ6,0.5,3/4,7,83,3
D6,1.0,3/4,7,84,3
C6,0.5,3/4,7,84,3
B5,0.5,3/4,7,84,3
C6,1.0,3/4,7,84,3
B笙ｭ5,0.5,3/4,7,84,3
A5,0.5,3/4,7,84,3
B笙ｭ5,1.0,3/4,7,85,3
A5,0.5,3/4,7,85,3
G5,0.5,3/4,7,85,3
A5,1.0,3/4,7,85,3
A5,0.5,3/4,7,85,3
C6,0.5,3/4,7,85,3
B笙ｭ5,1.0,3/4,7,86,3
A5,1.0,3/4,7,86,3
G5,1.0,3/4,7,86,3
A5,0.5,3/4,7,86,3
F笙ｯ5,0.5,3/4,7,86,3
G4,0.5,3/4,7,87,3
D5,0.5,3/4,7,87,3
G5,2.0,3/4,7,87,3
0,0,0,x,x,.
